"Date","Price","Open","High","Low","Vol.","Change %"
"08/13/2025","3,683.46","3,668.66","3,688.63","3,666.55","61.35B","0.48%"
"08/12/2025","3,665.92","3,647.96","3,669.04","3,647.96","53.66B","0.50%"
"08/11/2025","3,647.55","3,637.05","3,656.85","3,629.63","55.14B","0.34%"
"08/08/2025","3,635.13","3,634.85","3,645.37","3,625.45","52.64B","-0.12%"
"08/07/2025","3,639.67","3,637.78","3,645.12","3,622.52","53.55B","0.16%"
"08/06/2025","3,633.99","3,615.81","3,634.31","3,613.99","51.25B","0.45%"
"08/05/2025","3,617.60","3,588.81","3,617.60","3,586.97","49.98B","0.96%"
"08/04/2025","3,583.31","3,547.16","3,583.31","3,547.16","45.86B","0.66%"
"08/01/2025","3,559.95","3,568.26","3,581.75","3,550.04","50.96B","-0.37%"
"07/31/2025","3,573.21","3,604.70","3,606.37","3,562.61","65.45B","-1.18%"
"07/30/2025","3,615.72","3,608.35","3,636.17","3,593.73","63.72B","0.17%"
"07/29/2025","3,609.71","3,595.81","3,611.35","3,585.94","61.06B","0.33%"
"07/28/2025","3,597.94","3,594.23","3,606.27","3,582.15","59.42B","0.12%"
"07/25/2025","3,593.66","3,604.45","3,610.03","3,586.22","69.72B","-0.33%"
"07/24/2025","3,605.73","3,578.91","3,608.73","3,577.11","77.33B","0.65%"
"07/23/2025","3,582.30","3,588.88","3,613.02","3,577.59","76.77B","0.01%"
"07/22/2025","3,581.86","3,561.63","3,584.72","3,547.25","71.62B","0.62%"
"07/21/2025","3,559.79","3,542.82","3,560.63","3,542.57","63.36B","0.72%"
"07/18/2025","3,534.48","3,519.48","3,536.01","3,518.23","49.35B","0.50%"
"07/17/2025","3,516.83","3,500.37","3,517.28","3,499.19","47.22B","0.37%"
"07/16/2025","3,503.78","3,502.90","3,511.81","3,489.14","47.09B","-0.03%"
"07/15/2025","3,505.00","3,519.81","3,527.04","3,483.38","57.21B","-0.42%"
"07/14/2025","3,519.65","3,513.25","3,532.12","3,513.25","57.21B","0.27%"
"07/11/2025","3,510.18","3,511.37","3,555.22","3,506.80","66.42B","0.01%"
"07/10/2025","3,509.68","3,491.50","3,526.59","3,491.50","56.42B","0.48%"
"07/09/2025","3,493.05","3,498.72","3,512.67","3,491.20","52.39B","-0.13%"
"07/08/2025","3,497.48","3,474.63","3,499.89","3,474.63","49.35B","0.70%"
"07/07/2025","3,473.13","3,467.98","3,474.80","3,462.79","43.66B","0.02%"
"07/04/2025","3,472.32","3,459.59","3,497.22","3,455.49","50.02B","0.32%"
"07/03/2025","3,461.15","3,456.15","3,463.62","3,446.97","43.85B","0.18%"
"07/02/2025","3,454.79","3,458.17","3,461.33","3,447.96","49.81B","-0.09%"
"07/01/2025","3,457.75","3,445.85","3,459.59","3,441.04","44.44B","0.39%"
"06/30/2025","3,444.43","3,423.47","3,447.46","3,420.11","45.73B","0.59%"
"06/27/2025","3,424.23","3,450.69","3,462.63","3,421.04","52.31B","-0.70%"
"06/26/2025","3,448.45","3,451.72","3,462.75","3,446.19","49.65B","-0.22%"
"06/25/2025","3,455.97","3,419.09","3,459.01","3,417.41","50.94B","1.04%"
"06/24/2025","3,420.57","3,380.08","3,423.78","3,380.08","46.10B","1.15%"
"06/23/2025","3,381.58","3,349.46","3,389.45","3,347.65","38.46B","0.65%"
"06/20/2025","3,359.90","3,358.91","3,370.80","3,357.71","35.02B","-0.07%"
"06/19/2025","3,362.11","3,384.29","3,386.92","3,353.94","41.53B","-0.79%"
"06/18/2025","3,388.81","3,386.14","3,391.71","3,369.99","37.87B","0.04%"
"06/17/2025","3,387.40","3,388.18","3,393.31","3,376.42","39.00B","-0.04%"
"06/16/2025","3,388.73","3,369.37","3,389.76","3,368.88","40.54B","0.35%"
"06/13/2025","3,377.00","3,397.48","3,401.55","3,370.59","51.01B","-0.75%"
"06/12/2025","3,402.66","3,397.97","3,408.20","3,388.87","40.95B","0.01%"
"06/11/2025","3,402.32","3,385.46","3,413.51","3,385.46","42.41B","0.52%"
"06/10/2025","3,384.82","3,402.01","3,406.45","3,365.67","48.16B","-0.44%"
"06/09/2025","3,399.77","3,388.78","3,402.05","3,383.07","42.73B","0.43%"
"06/06/2025","3,385.36","3,384.29","3,391.45","3,379.76","38.01B","0.04%"
"06/05/2025","3,384.10","3,378.22","3,387.76","3,371.15","40.63B","0.23%"
"06/04/2025","3,376.20","3,363.39","3,379.64","3,363.39","38.65B","0.42%"
"06/03/2025","3,361.98","3,340.07","3,367.00","3,340.07","39.81B","0.43%"
"05/30/2025","3,347.49","3,358.81","3,361.28","3,341.65","38.56B","-0.47%"
"05/29/2025","3,363.45","3,340.40","3,368.63","3,337.42","39.32B","0.70%"
"05/28/2025","3,339.93","3,341.85","3,348.23","3,336.73","34.16B","-0.02%"
"05/27/2025","3,340.69","3,346.50","3,351.57","3,332.49","34.41B","-0.18%"
"05/26/2025","3,346.84","3,346.56","3,362.31","3,336.36","34.76B","-0.05%"
"05/23/2025","3,348.37","3,376.87","3,389.47","3,348.37","40.02B","-0.94%"
"05/22/2025","3,380.19","3,381.86","3,390.59","3,376.23","39.42B","-0.22%"
"05/21/2025","3,387.57","3,380.21","3,394.75","3,380.21","41.25B","0.21%"
"05/20/2025","3,380.48","3,371.69","3,387.80","3,369.96","40.55B","0.38%"
"05/19/2025","3,367.58","3,365.88","3,373.60","3,356.65","40.31B","0.00%"
"05/16/2025","3,367.46","3,374.71","3,380.29","3,356.66","39.54B","-0.40%"
"05/15/2025","3,380.82","3,398.43","3,402.87","3,378.02","42.41B","-0.68%"
"05/14/2025","3,403.95","3,374.24","3,417.31","3,368.08","46.49B","0.86%"
"05/13/2025","3,374.87","3,386.23","3,386.23","3,370.25","42.62B","0.17%"
"05/12/2025","3,369.24","3,352.97","3,372.47","3,344.27","41.82B","0.82%"
"05/09/2025","3,342.00","3,350.41","3,351.22","3,335.13","39.89B","-0.30%"
"05/08/2025","3,352.00","3,331.21","3,359.73","3,327.90","42.84B","0.28%"
"05/07/2025","3,342.67","3,354.97","3,356.69","3,324.81","51.12B","0.80%"
"05/06/2025","3,316.11","3,295.25","3,316.45","3,286.99","47.44B","1.13%"
"04/30/2025","3,279.03","3,284.08","3,292.20","3,277.55","43.58B","-0.23%"
"04/29/2025","3,286.65","3,281.45","3,294.98","3,277.63","38.90B","-0.05%"
"04/28/2025","3,288.41","3,292.06","3,296.93","3,279.88","41.07B","-0.20%"
"04/25/2025","3,295.06","3,300.39","3,305.26","3,288.75","41.10B","-0.07%"
"04/24/2025","3,297.29","3,295.15","3,313.51","3,286.24","39.28B","0.03%"
"04/23/2025","3,296.36","3,308.15","3,312.19","3,293.06","41.16B","-0.10%"
"04/22/2025","3,299.76","3,289.17","3,311.15","3,288.33","40.32B","0.25%"
"04/21/2025","3,291.43","3,273.14","3,298.64","3,270.01","37.93B","0.45%"
"04/18/2025","3,276.73","3,270.35","3,283.09","3,262.39","35.88B","-0.11%"
"04/17/2025","3,280.34","3,261.72","3,285.92","3,258.15","38.20B","0.13%"
"04/16/2025","3,276.00","3,267.67","3,276.00","3,233.79","42.95B","0.26%"
"04/15/2025","3,267.66","3,260.69","3,268.98","3,246.34","39.67B","0.15%"
"04/14/2025","3,262.81","3,251.98","3,272.72","3,244.73","47.14B","0.76%"
"04/11/2025","3,238.23","3,219.51","3,249.85","3,211.35","47.55B","0.45%"
"04/10/2025","3,223.64","3,227.84","3,239.94","3,201.57","59.12B","1.16%"
"04/09/2025","3,186.81","3,110.01","3,186.81","3,070.08","68.48B","1.31%"
"04/08/2025","3,145.55","3,094.26","3,145.55","3,085.12","66.22B","1.58%"
"04/07/2025","3,096.58","3,193.10","3,217.78","3,040.69","66.22B","-7.34%"
"04/03/2025","3,342.01","3,319.61","3,358.43","3,319.61","40.05B","-0.24%"
"04/02/2025","3,350.13","3,344.17","3,361.13","3,343.12","35.01B","0.05%"
"04/01/2025","3,348.44","3,340.71","3,357.62","3,338.78","42.26B","0.38%"
"03/31/2025","3,335.75","3,343.34","3,361.74","3,317.74","47.26B","-0.46%"
"03/28/2025","3,351.31","3,372.04","3,375.05","3,346.08","41.23B","-0.67%"
"03/27/2025","3,373.75","3,362.71","3,394.03","3,351.17","41.48B","0.15%"
"03/26/2025","3,368.70","3,365.67","3,382.34","3,365.67","42.85B","-0.04%"
"03/25/2025","3,369.98","3,370.00","3,379.99","3,361.05","45.64B","0.00%"
"03/24/2025","3,370.03","3,364.83","3,373.69","3,340.24","51.33B","0.15%"
"03/21/2025","3,364.83","3,401.76","3,414.71","3,355.84","52.09B","-1.29%"
"03/20/2025","3,408.95","3,425.22","3,427.05","3,404.66","45.16B","-0.51%"
"03/19/2025","3,426.43","3,424.17","3,439.05","3,414.59","44.03B","-0.10%"
"03/18/2025","3,429.76","3,434.57","3,437.07","3,423.30","45.49B","0.11%"
"03/17/2025","3,426.13","3,430.81","3,436.35","3,422.46","51.57B","0.19%"
"03/14/2025","3,419.56","3,361.69","3,421.23","3,360.61","58.27B","1.81%"
"03/13/2025","3,358.73","3,371.09","3,377.12","3,341.12","51.90B","-0.39%"
"03/12/2025","3,371.92","3,385.69","3,392.41","3,370.22","50.22B","-0.23%"
"03/11/2025","3,379.83","3,335.44","3,379.83","3,334.83","44.85B","0.41%"
"03/10/2025","3,366.16","3,373.26","3,375.80","3,347.19","45.04B","-0.19%"
"03/07/2025","3,372.55","3,373.18","3,390.94","3,363.93","51.77B","-0.25%"
"03/06/2025","3,381.10","3,353.57","3,387.05","3,348.68","54.00B","1.17%"
"03/05/2025","3,341.96","3,324.70","3,342.71","3,314.15","46.10B","0.53%"
"03/04/2025","3,324.21","3,300.50","3,327.82","3,297.53","43.00B","0.22%"
"03/03/2025","3,316.93","3,328.40","3,349.02","3,304.59","50.24B","-0.12%"
"02/28/2025","3,320.90","3,374.66","3,383.19","3,318.72","56.83B","-1.98%"
"02/27/2025","3,388.06","3,378.45","3,388.78","3,353.57","57.58B","0.23%"
"02/26/2025","3,380.21","3,351.21","3,380.21","3,351.21","55.40B","1.02%"
"02/25/2025","3,346.04","3,345.65","3,369.56","3,337.84","52.76B","-0.80%"
"02/24/2025","3,373.03","3,374.08","3,384.81","3,355.87","59.82B","-0.18%"
"02/21/2025","3,379.11","3,356.69","3,381.06","3,339.03","60.82B","0.85%"
"02/20/2025","3,350.78","3,347.59","3,355.56","3,338.03","50.44B","-0.02%"
"02/19/2025","3,351.54","3,320.78","3,352.09","3,320.58","50.29B","0.81%"
"02/18/2025","3,324.49","3,348.98","3,366.01","3,314.30","56.27B","-0.93%"
"02/17/2025","3,355.83","3,355.42","3,357.12","3,333.19","58.95B","0.27%"
"02/14/2025","3,346.72","3,328.48","3,349.08","3,322.53","53.23B","0.43%"
"02/13/2025","3,332.48","3,343.23","3,359.18","3,332.48","56.86B","-0.42%"
"02/12/2025","3,346.39","3,312.26","3,346.39","3,310.39","51.34B","0.85%"
"02/11/2025","3,318.06","3,323.67","3,324.17","3,304.44","51.19B","-0.12%"
"02/10/2025","3,322.17","3,308.04","3,325.36","3,299.24","54.66B","0.56%"
"02/07/2025","3,303.67","3,269.23","3,324.43","3,262.51","60.06B","1.01%"
"02/06/2025","3,270.66","3,226.57","3,271.43","3,225.85","46.08B","1.27%"
"02/05/2025","3,229.49","3,270.16","3,271.02","3,220.28","40.64B","-0.65%"
"01/27/2025","3,250.60","3,256.61","3,274.39","3,250.60","38.75B","-0.06%"
"01/24/2025","3,252.63","3,222.88","3,260.01","3,221.71","39.87B","0.70%"
"01/23/2025","3,230.16","3,237.60","3,273.52","3,229.57","45.82B","0.51%"
"01/22/2025","3,213.62","3,235.49","3,235.50","3,203.38","36.48B","-0.89%"
"01/21/2025","3,242.62","3,256.83","3,258.61","3,229.07","38.46B","-0.05%"
"01/20/2025","3,244.38","3,256.15","3,268.26","3,238.12","40.33B","0.08%"
"01/17/2025","3,241.82","3,226.76","3,256.51","3,219.77","38.36B","0.18%"
"01/16/2025","3,236.03","3,239.03","3,265.28","3,217.10","43.07B","0.28%"
"01/15/2025","3,227.12","3,234.72","3,245.90","3,222.24","40.47B","-0.43%"
"01/14/2025","3,240.94","3,165.16","3,245.22","3,159.43","46.92B","2.54%"
"01/13/2025","3,160.75","3,148.83","3,172.70","3,140.98","37.27B","-0.25%"
"01/10/2025","3,168.52","3,211.71","3,220.11","3,168.52","40.37B","-1.33%"
"01/09/2025","3,211.39","3,220.72","3,228.97","3,205.91","38.29B","-0.58%"
"01/08/2025","3,230.17","3,218.86","3,246.29","3,175.72","47.29B","0.02%"
"01/07/2025","3,229.64","3,203.31","3,230.85","3,190.46","40.97B","0.71%"
"01/06/2025","3,206.92","3,209.78","3,219.49","3,185.46","43.10B","-0.14%"
"01/03/2025","3,211.43","3,267.08","3,273.57","3,205.78","51.76B","-1.57%"
"01/02/2025","3,262.56","3,347.94","3,351.72","3,242.09","56.14B","-2.66%"
"12/31/2024","3,351.76","3,406.97","3,413.45","3,351.76","50.27B","-1.63%"
"12/30/2024","3,407.33","3,395.40","3,412.84","3,394.96","45.53B","0.21%"
"12/27/2024","3,400.14","3,397.29","3,418.95","3,388.32","50.05B","0.06%"
"12/26/2024","3,398.08","3,389.34","3,401.10","3,380.25","42.22B","0.14%"
"12/25/2024","3,393.35","3,395.11","3,406.21","3,374.01","47.13B","-0.01%"
"12/24/2024","3,393.53","3,353.54","3,394.90","3,352.95","47.20B","1.26%"
"12/23/2024","3,351.26","3,367.90","3,384.99","3,348.28","55.67B","-0.50%"
"12/20/2024","3,368.07","3,364.48","3,390.62","3,362.82","49.10B","-0.06%"
"12/19/2024","3,370.03","3,355.90","3,377.53","3,346.47","51.39B","-0.36%"
"12/18/2024","3,382.21","3,371.30","3,396.46","3,371.30","51.25B","0.62%"
"12/17/2024","3,361.49","3,381.81","3,396.21","3,357.77","56.89B","-0.73%"
"12/16/2024","3,386.33","3,390.08","3,401.93","3,376.54","62.56B","-0.16%"
"12/13/2024","3,391.88","3,442.93","3,442.93","3,390.75","77.75B","-2.01%"
"12/12/2024","3,461.50","3,432.28","3,464.12","3,425.98","70.01B","0.85%"
"12/11/2024","3,432.49","3,416.09","3,437.81","3,416.09","68.15B","0.29%"
"12/10/2024","3,422.66","3,490.29","3,494.87","3,417.77","79.47B","0.59%"
"12/09/2024","3,402.53","3,402.63","3,426.65","3,385.96","69.49B","-0.05%"
"12/06/2024","3,404.08","3,370.94","3,418.26","3,364.21","69.82B","1.05%"
"12/05/2024","3,368.86","3,353.06","3,377.05","3,353.06","54.39B","0.12%"
"12/04/2024","3,364.65","3,376.57","3,388.02","3,352.94","62.10B","-0.42%"
"12/03/2024","3,378.81","3,366.29","3,386.62","3,348.37","66.30B","0.44%"
"12/02/2024","3,363.98","3,328.48","3,369.30","3,323.01","66.85B","1.13%"
"11/29/2024","3,326.46","3,295.21","3,357.50","3,293.69","58.02B","0.93%"
"11/28/2024","3,295.70","3,308.28","3,319.26","3,290.36","51.20B","-0.43%"
"11/27/2024","3,309.78","3,250.59","3,309.88","3,227.36","51.12B","1.53%"
"11/26/2024","3,259.76","3,256.86","3,285.33","3,252.87","47.22B","-0.12%"
"11/25/2024","3,263.76","3,274.88","3,285.46","3,232.92","53.89B","-0.11%"
"11/22/2024","3,267.19","3,368.04","3,372.00","3,267.19","63.07B","-3.06%"
"11/21/2024","3,370.40","3,362.94","3,378.52","3,348.86","53.03B","0.07%"
"11/20/2024","3,367.99","3,337.68","3,375.25","3,333.00","56.62B","0.66%"
"11/19/2024","3,346.01","3,324.88","3,346.76","3,284.13","62.50B","0.67%"
"11/18/2024","3,323.85","3,344.69","3,386.90","3,309.01","74.40B","-0.21%"
"11/15/2024","3,330.73","3,369.81","3,391.32","3,330.73","63.03B","-1.45%"
"11/14/2024","3,379.84","3,429.51","3,441.77","3,376.15","63.16B","-1.73%"
"11/13/2024","3,439.28","3,406.92","3,442.30","3,404.53","67.37B","0.51%"
"11/12/2024","3,421.97","3,469.89","3,489.42","3,402.04","81.79B","-1.39%"
"11/11/2024","3,470.07","3,432.37","3,471.12","3,416.73","81.80B","0.51%"
"11/08/2024","3,452.30","3,502.13","3,509.82","3,443.19","96.40B","-0.53%"
"11/07/2024","3,470.66","3,359.99","3,470.66","3,356.26","95.96B","2.57%"
"11/06/2024","3,383.81","3,395.22","3,421.00","3,367.08","89.59B","-0.09%"
"11/05/2024","3,386.99","3,306.81","3,386.99","3,302.05","82.11B","2.32%"
"11/04/2024","3,310.21","3,275.68","3,310.21","3,263.84","66.51B","1.17%"
"11/01/2024","3,272.01","3,275.58","3,305.32","3,258.73","85.21B","-0.24%"
"10/31/2024","3,279.82","3,267.98","3,295.74","3,252.39","78.46B","0.42%"
"10/30/2024","3,266.24","3,273.64","3,291.68","3,244.81","66.90B","-0.61%"
"10/29/2024","3,286.41","3,328.09","3,340.46","3,284.21","72.53B","-1.08%"
"10/28/2024","3,322.20","3,300.46","3,322.20","3,279.72","67.24B","0.68%"
"10/25/2024","3,299.70","3,280.76","3,319.36","3,276.13","59.57B","0.59%"
"10/24/2024","3,280.26","3,287.82","3,292.94","3,266.88","51.98B","-0.68%"
"10/23/2024","3,302.80","3,285.25","3,331.08","3,277.07","65.04B","0.52%"
"10/22/2024","3,285.87","3,263.82","3,294.96","3,255.14","57.49B","0.54%"
"10/21/2024","3,268.11","3,276.06","3,300.66","3,239.10","66.82B","0.20%"
"10/18/2024","3,261.56","3,165.97","3,313.98","3,152.82","69.30B","2.91%"
"10/17/2024","3,169.38","3,220.73","3,241.57","3,169.38","52.86B","-1.05%"
"10/16/2024","3,202.95","3,169.17","3,236.85","3,167.74","51.58B","0.05%"
"10/15/2024","3,201.29","3,265.75","3,285.21","3,201.29","56.61B","-2.53%"
"10/14/2024","3,284.32","3,241.43","3,294.62","3,203.90","63.15B","2.07%"
"10/11/2024","3,217.74","3,287.87","3,297.75","3,187.99","60.60B","-2.55%"
"10/10/2024","3,301.93","3,277.69","3,379.81","3,228.12","83.45B","1.32%"
"10/09/2024","3,258.86","3,427.22","3,437.16","3,249.16","99.28B","-6.62%"
"10/08/2024","3,489.78","3,674.40","3,674.40","3,372.19","131.35B","4.59%"
"09/30/2024","3,336.50","3,194.72","3,358.59","3,153.70","110.23B","8.06%"
"09/27/2024","3,087.53","3,049.10","3,087.53","3,017.45","49.23B","2.88%"
"09/26/2024","3,000.95","2,893.75","3,000.95","2,889.01","57.63B","3.61%"
"09/25/2024","2,896.31","2,901.42","2,952.45","2,889.05","56.83B","1.16%"
"09/24/2024","2,863.13","2,770.75","2,863.15","2,761.37","47.76B","4.15%"
"09/23/2024","2,748.92","2,735.39","2,760.48","2,731.36","25.76B","0.44%"
"09/20/2024","2,736.81","2,734.23","2,741.16","2,717.95","28.56B","0.03%"
"09/19/2024","2,736.02","2,723.21","2,747.74","2,697.78","31.52B","0.69%"
"09/18/2024","2,717.28","2,705.35","2,724.11","2,689.70","24.78B","0.49%"
"09/13/2024","2,704.09","2,718.99","2,728.78","2,703.37","25.13B","-0.48%"
"09/12/2024","2,717.12","2,722.14","2,734.68","2,716.56","24.01B","-0.17%"
"09/11/2024","2,721.80","2,732.73","2,732.73","2,710.62","24.23B","-0.82%"
"09/10/2024","2,744.19","2,737.88","2,750.12","2,718.63","26.22B","0.28%"
"09/09/2024","2,736.49","2,754.72","2,756.56","2,726.97","26.15B","-1.06%"
"09/06/2024","2,765.81","2,791.76","2,804.09","2,765.64","25.36B","-0.81%"
"09/05/2024","2,788.31","2,785.26","2,796.02","2,777.47","24.20B","0.14%"
"09/04/2024","2,784.28","2,786.50","2,800.61","2,781.94","25.75B","-0.67%"
"09/03/2024","2,802.98","2,809.17","2,814.90","2,794.91","27.57B","-0.29%"
"09/02/2024","2,811.03","2,832.35","2,839.28","2,810.37","34.07B","-1.10%"
"08/30/2024","2,842.21","2,819.65","2,867.96","2,817.01","39.75B","0.68%"
"08/29/2024","2,823.11","2,829.45","2,831.43","2,815.38","27.75B","-0.50%"
"08/28/2024","2,837.43","2,844.33","2,852.56","2,830.96","22.87B","-0.40%"
"08/27/2024","2,848.73","2,850.88","2,853.78","2,843.16","23.07B","-0.24%"
"08/26/2024","2,855.52","2,855.47","2,860.65","2,844.38","22.74B","0.04%"
"08/23/2024","2,854.37","2,844.77","2,860.73","2,839.34","22.67B","0.20%"
"08/22/2024","2,848.77","2,856.20","2,861.61","2,845.50","24.54B","-0.27%"
"08/21/2024","2,856.58","2,858.94","2,863.89","2,848.15","22.92B","-0.35%"
"08/20/2024","2,866.66","2,895.55","2,896.52","2,855.33","26.37B","-0.93%"
"08/19/2024","2,893.67","2,877.95","2,905.15","2,877.77","26.17B","0.49%"
"08/16/2024","2,879.43","2,877.94","2,888.68","2,873.06","26.37B","0.07%"
"08/15/2024","2,877.36","2,844.20","2,889.09","2,839.39","27.19B","0.94%"
"08/14/2024","2,850.65","2,866.24","2,866.24","2,850.40","21.79B","-0.60%"
"08/13/2024","2,867.95","2,860.41","2,867.95","2,845.31","23.17B","0.34%"
"08/12/2024","2,858.20","2,858.89","2,869.27","2,851.30","24.42B","-0.14%"
"08/09/2024","2,862.19","2,879.87","2,887.85","2,862.19","28.43B","-0.27%"
"08/08/2024","2,869.90","2,864.76","2,886.40","2,850.87","28.91B","0.00%"
"08/07/2024","2,869.83","2,864.01","2,886.94","2,857.72","26.31B","0.09%"
"08/06/2024","2,867.28","2,878.65","2,888.20","2,845.33","29.73B","0.23%"
"08/05/2024","2,860.70","2,889.36","2,919.03","2,860.70","35.55B","-1.54%"
"08/02/2024","2,905.34","2,913.02","2,931.26","2,902.72","31.22B","-0.92%"
"08/01/2024","2,932.39","2,940.12","2,947.88","2,928.83","34.66B","-0.22%"
"07/31/2024","2,938.75","2,877.54","2,940.59","2,876.30","41.27B","2.06%"
"07/30/2024","2,879.30","2,885.22","2,885.22","2,865.15","26.25B","-0.43%"
"07/29/2024","2,891.85","2,889.47","2,898.95","2,878.58","25.69B","0.03%"
"07/26/2024","2,890.90","2,886.00","2,899.12","2,875.40","27.84B","0.14%"
"07/25/2024","2,886.74","2,891.89","2,897.77","2,872.85","27.46B","-0.52%"
"07/24/2024","2,901.95","2,909.15","2,922.03","2,894.29","30.61B","-0.46%"
"07/23/2024","2,915.37","2,960.50","2,960.50","2,915.37","29.63B","-1.65%"
"07/22/2024","2,964.22","2,978.19","2,978.60","2,946.56","27.88B","-0.61%"
"07/19/2024","2,982.31","2,963.51","2,986.24","2,955.12","28.09B","0.17%"
"07/18/2024","2,977.13","2,951.14","2,978.09","2,937.90","27.80B","0.48%"
"07/17/2024","2,962.85","2,970.81","2,972.79","2,957.95","28.23B","-0.45%"
"07/16/2024","2,976.30","2,963.90","2,977.36","2,959.67","26.08B","0.08%"
"07/15/2024","2,974.01","2,963.85","2,977.31","2,959.13","26.90B","0.09%"
"07/12/2024","2,971.29","2,965.61","2,977.14","2,963.30","30.37B","0.03%"
"07/11/2024","2,970.39","2,957.25","2,971.36","2,947.40","32.84B","1.06%"
"07/10/2024","2,939.36","2,949.03","2,958.86","2,935.33","30.15B","-0.68%"
"07/09/2024","2,959.37","2,919.57","2,963.78","2,904.04","31.51B","1.26%"
"07/08/2024","2,922.45","2,939.84","2,947.61","2,917.23","27.75B","-0.93%"
"07/05/2024","2,949.93","2,954.37","2,957.11","2,920.20","27.23B","-0.26%"
"07/04/2024","2,957.57","2,984.83","2,995.57","2,955.29","27.43B","-0.83%"
"07/03/2024","2,982.38","2,995.66","2,998.54","2,978.07","24.63B","-0.49%"
"07/02/2024","2,997.01","2,992.86","3,004.99","2,989.47","28.14B","0.08%"
"07/01/2024","2,994.73","2,965.25","2,996.41","2,961.86","29.78B","0.92%"
"06/28/2024","2,967.40","2,940.30","2,985.47","2,939.98","31.52B","0.73%"
"06/27/2024","2,945.85","2,962.70","2,963.06","2,944.90","27.05B","-0.90%"
"06/26/2024","2,972.53","2,943.45","2,976.67","2,933.33","28.24B","0.76%"
"06/25/2024","2,950.00","2,962.77","2,971.65","2,935.54","27.32B","-0.44%"
"06/24/2024","2,963.10","2,982.83","2,990.64","2,960.13","29.87B","-1.17%"
"06/21/2024","2,998.14","2,998.24","3,011.91","2,985.93","25.50B","-0.24%"
"06/20/2024","3,005.44","3,015.72","3,028.51","3,001.77","29.55B","-0.42%"
"06/19/2024","3,018.05","3,029.10","3,030.23","3,015.33","26.13B","-0.40%"
"06/18/2024","3,030.25","3,015.07","3,031.98","3,012.52","27.36B","0.48%"
"06/17/2024","3,015.89","3,017.72","3,026.62","3,012.05","29.58B","-0.55%"
"06/14/2024","3,032.63","3,020.96","3,037.90","3,011.58","34.87B","0.12%"
"06/13/2024","3,028.92","3,038.09","3,040.40","3,022.82","29.79B","-0.28%"
"06/12/2024","3,037.47","3,025.30","3,042.04","3,021.31","27.95B","0.31%"
"06/11/2024","3,028.05","3,042.13","3,043.20","3,013.86","31.05B","-0.76%"
"06/07/2024","3,051.28","3,053.92","3,065.02","3,031.04","31.63B","0.08%"
"06/06/2024","3,048.79","3,069.44","3,077.67","3,040.83","36.99B","-0.54%"
"06/05/2024","3,065.40","3,086.05","3,092.35","3,064.74","29.05B","-0.83%"
"06/04/2024","3,091.20","3,071.32","3,095.32","3,063.59","30.93B","0.41%"
"06/03/2024","3,078.49","3,085.98","3,097.20","3,061.28","35.76B","-0.27%"
"05/31/2024","3,086.81","3,094.76","3,107.60","3,086.81","27.61B","-0.16%"
"05/30/2024","3,091.68","3,103.71","3,121.22","3,085.38","30.24B","-0.62%"
"05/29/2024","3,111.02","3,108.03","3,128.14","3,100.98","29.00B","0.05%"
"05/28/2024","3,109.57","3,122.39","3,130.31","3,106.36","31.01B","-0.46%"
"05/27/2024","3,124.04","3,094.14","3,125.51","3,091.99","31.94B","1.14%"
"05/24/2024","3,088.87","3,110.75","3,130.42","3,087.79","30.65B","-0.88%"
"05/23/2024","3,116.39","3,149.88","3,150.63","3,110.28","35.39B","-1.33%"
"05/22/2024","3,158.54","3,157.19","3,166.92","3,152.46","35.41B","0.02%"
"05/21/2024","3,157.97","3,164.68","3,165.22","3,148.34","33.58B","-0.42%"
"05/20/2024","3,171.15","3,156.15","3,174.27","3,155.99","42.69B","0.54%"
"05/17/2024","3,154.03","3,121.71","3,154.03","3,116.78","38.39B","1.01%"
"05/16/2024","3,122.40","3,127.18","3,137.88","3,116.16","36.74B","0.08%"
"05/15/2024","3,119.90","3,141.25","3,142.97","3,117.93","32.10B","-0.82%"
"05/14/2024","3,145.77","3,148.85","3,155.81","3,137.61","34.35B","-0.07%"
"05/13/2024","3,148.02","3,139.48","3,157.37","3,126.17","39.70B","-0.21%"
"05/10/2024","3,154.55","3,158.59","3,163.14","3,137.15","38.43B","0.01%"
"05/09/2024","3,154.32","3,128.16","3,158.46","3,128.16","36.09B","0.83%"
"05/08/2024","3,128.48","3,141.49","3,144.99","3,126.17","33.40B","-0.61%"
"05/07/2024","3,147.74","3,139.66","3,151.22","3,133.69","37.91B","0.22%"
"05/06/2024","3,140.72","3,132.51","3,142.38","3,126.77","45.07B","1.16%"
"04/30/2024","3,104.82","3,110.16","3,123.29","3,104.29","44.02B","-0.26%"
"04/29/2024","3,113.04","3,086.68","3,119.69","3,080.59","50.69B","0.79%"
"04/26/2024","3,088.64","3,054.98","3,092.43","3,054.98","43.94B","1.17%"
"04/25/2024","3,052.90","3,037.93","3,060.26","3,034.65","29.23B","0.27%"
"04/24/2024","3,044.82","3,029.40","3,045.64","3,019.12","30.53B","0.76%"
"04/23/2024","3,021.98","3,038.61","3,044.94","3,016.52","32.56B","-0.74%"
"04/22/2024","3,044.60","3,059.06","3,078.42","3,042.54","35.72B","-0.67%"
"04/19/2024","3,065.26","3,060.30","3,080.32","3,055.06","37.55B","-0.29%"
"04/18/2024","3,074.22","3,060.03","3,102.55","3,057.76","41.63B","0.09%"
"04/17/2024","3,071.38","3,008.06","3,071.38","3,002.06","41.34B","2.14%"
"04/16/2024","3,007.07","3,043.55","3,052.43","3,005.34","44.81B","-1.65%"
"04/15/2024","3,057.38","3,013.67","3,066.94","2,995.54","46.12B","1.26%"
"04/12/2024","3,019.47","3,035.58","3,043.56","3,014.83","33.42B","-0.49%"
"04/11/2024","3,034.25","3,013.57","3,050.34","3,009.90","34.09B","0.23%"
"04/10/2024","3,027.33","3,045.96","3,049.61","3,013.59","34.90B","-0.70%"
"04/09/2024","3,048.54","3,044.61","3,051.59","3,033.21","33.35B","0.05%"
"04/08/2024","3,047.05","3,057.33","3,077.35","3,045.47","40.29B","-0.72%"
"04/03/2024","3,069.30","3,074.89","3,079.02","3,057.40","36.32B","-0.18%"
"04/02/2024","3,074.96","3,076.88","3,085.54","3,063.98","36.73B","-0.08%"
"04/01/2024","3,077.38","3,049.02","3,078.49","3,049.02","37.54B","1.19%"
"03/29/2024","3,041.17","3,008.38","3,041.30","3,008.17","33.48B","1.01%"
"03/28/2024","3,010.66","2,988.59","3,033.37","2,984.12","35.32B","0.59%"
"03/27/2024","2,993.14","3,026.81","3,030.45","2,993.14","34.32B","-1.26%"
"03/26/2024","3,031.48","3,026.92","3,036.49","3,006.26","34.59B","0.17%"
"03/25/2024","3,026.31","3,040.50","3,065.26","3,026.31","38.75B","-0.71%"
"03/22/2024","3,048.03","3,070.55","3,073.21","3,027.76","39.47B","-0.95%"
"03/21/2024","3,077.11","3,084.41","3,090.05","3,069.27","36.69B","-0.08%"
"03/20/2024","3,079.69","3,058.65","3,081.75","3,056.65","34.92B","0.55%"
"03/19/2024","3,062.76","3,077.98","3,090.05","3,062.63","38.41B","-0.72%"
"03/18/2024","3,084.93","3,057.21","3,085.31","3,055.92","40.67B","0.99%"
"03/15/2024","3,054.64","3,031.52","3,056.45","3,023.22","36.03B","0.54%"
"03/14/2024","3,038.23","3,042.41","3,060.00","3,020.64","36.41B","-0.18%"
"03/13/2024","3,043.83","3,053.34","3,061.95","3,031.90","36.50B","-0.40%"
"03/12/2024","3,055.94","3,068.18","3,075.13","3,044.86","41.57B","-0.41%"
"03/11/2024","3,068.46","3,042.62","3,068.46","3,035.45","36.16B","0.74%"
"03/08/2024","3,046.02","3,026.17","3,049.19","3,016.90","31.92B","0.61%"
"03/07/2024","3,027.40","3,040.21","3,063.69","3,023.12","37.72B","-0.41%"
"03/06/2024","3,039.93","3,041.75","3,060.56","3,034.35","34.10B","-0.26%"
"03/05/2024","3,047.79","3,027.10","3,052.54","3,022.18","38.35B","0.28%"
"03/04/2024","3,039.31","3,026.61","3,040.34","3,007.68","38.78B","0.41%"
"03/01/2024","3,027.02","3,013.82","3,032.23","3,003.76","37.91B","0.39%"
"02/29/2024","3,015.17","2,943.62","3,015.17","2,943.62","40.97B","1.94%"
"02/28/2024","2,957.85","3,016.26","3,031.49","2,957.85","54.41B","-1.91%"
"02/27/2024","3,015.48","2,966.42","3,015.48","2,961.15","37.30B","1.29%"
"02/26/2024","2,977.02","3,002.12","3,009.48","2,967.06","40.90B","-0.93%"
"02/23/2024","3,004.88","2,992.91","3,009.14","2,979.97","38.01B","0.55%"
"02/22/2024","2,988.36","2,945.45","2,988.36","2,944.50","35.41B","1.27%"
"02/21/2024","2,950.96","2,906.02","2,994.61","2,898.05","44.42B","0.97%"
"02/20/2024","2,922.73","2,902.88","2,927.31","2,887.47","35.01B","0.42%"
"02/19/2024","2,910.54","2,886.59","2,910.54","2,867.71","45.90B","1.56%"
"02/08/2024","2,865.90","2,832.49","2,867.47","2,827.90","53.11B","1.28%"
"02/07/2024","2,829.70","2,791.51","2,829.70","2,770.53","54.71B","1.44%"
"02/06/2024","2,789.49","2,680.48","2,802.93","2,669.67","50.28B","3.23%"
"02/05/2024","2,702.19","2,716.08","2,739.74","2,635.09","47.90B","-1.02%"
"02/02/2024","2,730.15","2,773.29","2,791.68","2,666.33","42.62B","-1.46%"
"02/01/2024","2,770.74","2,773.42","2,805.01","2,752.78","35.29B","-0.64%"
"01/31/2024","2,788.55","2,815.50","2,834.01","2,782.59","37.71B","-1.48%"
"01/30/2024","2,830.53","2,866.28","2,881.35","2,829.25","33.57B","-1.83%"
"01/29/2024","2,883.36","2,910.61","2,923.90","2,883.33","41.06B","-0.92%"
"01/26/2024","2,910.22","2,897.91","2,924.31","2,890.48","42.11B","0.14%"
"01/25/2024","2,906.11","2,823.83","2,906.79","2,821.71","44.20B","3.03%"
"01/24/2024","2,820.77","2,782.14","2,823.70","2,743.40","36.91B","1.80%"
"01/23/2024","2,770.98","2,746.89","2,784.84","2,724.16","30.87B","0.53%"
"01/22/2024","2,756.34","2,826.50","2,828.32","2,735.37","35.02B","-2.68%"
"01/19/2024","2,832.28","2,836.97","2,849.88","2,822.84","26.67B","-0.47%"
"01/18/2024","2,845.78","2,822.67","2,849.26","2,760.98","39.04B","0.43%"
"01/17/2024","2,833.62","2,887.29","2,887.49","2,833.62","26.13B","-2.09%"
"01/16/2024","2,893.99","2,881.56","2,896.68","2,861.13","28.63B","0.27%"
"01/15/2024","2,886.29","2,872.56","2,904.46","2,869.22","24.46B","0.15%"
"01/12/2024","2,881.98","2,880.04","2,904.17","2,878.88","26.16B","-0.16%"
"01/11/2024","2,886.65","2,873.80","2,896.18","2,867.72","26.71B","0.31%"
"01/10/2024","2,877.70","2,886.98","2,903.16","2,870.42","24.40B","-0.54%"
"01/09/2024","2,893.25","2,887.11","2,900.73","2,878.41","26.30B","0.20%"
"01/08/2024","2,887.54","2,923.46","2,924.46","2,887.54","27.03B","-1.42%"
"01/05/2024","2,929.18","2,949.82","2,967.97","2,916.72","30.10B","-0.85%"
"01/04/2024","2,954.35","2,965.51","2,966.68","2,936.63","26.50B","-0.43%"
"01/03/2024","2,967.25","2,957.11","2,971.28","2,953.29","28.55B","0.17%"
"01/02/2024","2,962.28","2,972.77","2,976.27","2,962.28","30.41B","-0.43%"
"12/29/2023","2,974.93","2,950.84","2,975.03","2,950.02","29.07B","0.68%"
"12/28/2023","2,954.70","2,913.11","2,961.65","2,909.39","33.92B","1.38%"
"12/27/2023","2,914.61","2,900.15","2,917.96","2,890.17","24.79B","0.54%"
"12/26/2023","2,898.88","2,917.97","2,917.97","2,892.84","22.81B","-0.68%"
"12/25/2023","2,918.81","2,909.88","2,920.63","2,903.99","22.98B","0.14%"
"12/22/2023","2,914.78","2,919.29","2,935.70","2,906.51","29.66B","-0.13%"
"12/21/2023","2,918.71","2,892.02","2,924.26","2,882.02","28.25B","0.57%"
"12/20/2023","2,902.11","2,932.12","2,937.10","2,902.04","26.56B","-1.03%"
"12/19/2023","2,932.39","2,928.76","2,940.50","2,914.13","26.59B","0.05%"
"12/18/2023","2,930.80","2,936.58","2,951.15","2,924.33","29.31B","-0.40%"
"12/15/2023","2,942.56","2,966.30","2,976.31","2,940.03","28.93B","-0.56%"
"12/14/2023","2,958.99","2,979.70","2,986.18","2,958.07","27.15B","-0.33%"
"12/13/2023","2,968.76","2,997.34","2,997.34","2,968.76","28.28B","-1.15%"
"12/12/2023","3,003.44","2,986.33","3,003.75","2,980.45","28.76B","0.40%"
"12/11/2023","2,991.44","2,956.29","2,995.67","2,930.42","36.02B","0.74%"
"12/08/2023","2,969.56","2,965.39","2,980.83","2,962.33","36.91B","0.11%"
"12/07/2023","2,966.21","2,965.65","2,976.01","2,949.14","29.62B","-0.09%"
"12/06/2023","2,968.93","2,966.95","2,985.31","2,959.60","29.41B","-0.11%"
"12/05/2023","2,972.30","3,017.01","3,017.01","2,972.30","29.39B","-1.67%"
"12/04/2023","3,022.91","3,033.30","3,038.98","3,022.35","28.82B","-0.29%"
"12/01/2023","3,031.64","3,027.35","3,035.76","3,010.23","28.61B","0.06%"
"11/30/2023","3,029.67","3,021.10","3,030.91","3,013.77","28.29B","0.26%"
"11/29/2023","3,021.69","3,038.46","3,038.98","3,017.66","27.80B","-0.56%"
"11/28/2023","3,038.55","3,028.60","3,039.69","3,020.23","26.89B","0.23%"
"11/27/2023","3,031.70","3,038.19","3,038.36","3,015.01","31.05B","-0.30%"
"11/24/2023","3,040.97","3,060.33","3,060.33","3,037.20","28.78B","-0.68%"
"11/23/2023","3,061.86","3,041.68","3,062.87","3,034.30","27.66B","0.60%"
"11/22/2023","3,043.61","3,060.50","3,067.96","3,043.61","28.91B","-0.79%"
"11/21/2023","3,067.93","3,074.83","3,089.77","3,063.34","33.07B","-0.01%"
"11/20/2023","3,068.32","3,056.93","3,072.51","3,043.51","28.76B","0.46%"
"11/17/2023","3,054.37","3,043.62","3,055.86","3,033.75","26.76B","0.11%"
"11/16/2023","3,050.93","3,066.86","3,071.45","3,050.93","27.11B","-0.71%"
"11/15/2023","3,072.83","3,077.03","3,080.13","3,064.35","30.42B","0.55%"
"11/14/2023","3,056.07","3,046.82","3,059.53","3,044.43","29.48B","0.31%"
"11/13/2023","3,046.53","3,044.03","3,048.62","3,028.17","29.04B","0.25%"
"11/10/2023","3,038.97","3,043.56","3,044.00","3,027.09","28.55B","-0.47%"
"11/09/2023","3,053.28","3,047.65","3,063.47","3,045.83","31.56B","0.03%"
"11/08/2023","3,052.37","3,051.15","3,062.99","3,037.29","33.57B","-0.16%"
"11/07/2023","3,057.27","3,052.92","3,064.58","3,042.47","32.69B","-0.04%"
"11/06/2023","3,058.41","3,047.13","3,058.99","3,037.69","37.30B","0.91%"
"11/03/2023","3,030.80","3,012.47","3,040.98","3,012.47","26.85B","0.71%"
"11/02/2023","3,009.41","3,028.66","3,038.64","3,009.12","26.88B","-0.45%"
"11/01/2023","3,023.08","3,038.18","3,038.33","3,013.93","28.01B","0.14%"
"10/31/2023","3,018.77","3,019.65","3,023.00","3,006.61","31.99B","-0.09%"
"10/30/2023","3,021.55","3,009.61","3,028.26","3,002.35","36.06B","0.12%"
"10/27/2023","3,017.78","2,978.40","3,029.21","2,974.88","32.18B","0.99%"
"10/26/2023","2,988.30","2,960.10","2,990.33","2,956.01","29.18B","0.48%"
"10/25/2023","2,974.11","2,986.41","2,993.30","2,972.42","33.24B","0.40%"
"10/24/2023","2,962.24","2,944.31","2,964.76","2,929.09","31.10B","0.78%"
"10/23/2023","2,939.29","2,969.79","2,973.66","2,923.51","27.89B","-1.47%"
"10/20/2023","2,983.06","2,995.36","3,006.27","2,977.17","26.71B","-0.74%"
"10/19/2023","3,005.39","3,043.20","3,043.20","3,004.77","30.40B","-1.74%"
"10/18/2023","3,058.71","3,076.58","3,076.58","3,057.06","26.86B","-0.80%"
"10/17/2023","3,083.50","3,076.43","3,084.07","3,064.89","25.90B","0.32%"
"10/16/2023","3,073.81","3,091.06","3,091.13","3,063.69","26.39B","-0.46%"
"10/13/2023","3,088.10","3,092.00","3,094.92","3,080.55","25.51B","-0.64%"
"10/12/2023","3,107.90","3,101.71","3,109.99","3,092.18","27.48B","0.94%"
"10/11/2023","3,078.96","3,085.70","3,095.66","3,071.94","25.99B","0.12%"
"10/10/2023","3,075.24","3,104.36","3,109.98","3,073.19","25.53B","-0.70%"
"10/09/2023","3,096.92","3,100.00","3,103.36","3,072.64","26.44B","-0.44%"
"09/28/2023","3,110.48","3,117.75","3,121.84","3,105.94","23.63B","0.10%"
"09/27/2023","3,107.32","3,104.04","3,125.45","3,103.84","24.05B","0.16%"
"09/26/2023","3,102.27","3,114.02","3,120.29","3,102.27","22.26B","-0.43%"
"09/25/2023","3,115.61","3,131.21","3,131.21","3,112.15","25.81B","-0.54%"
"09/22/2023","3,132.43","3,084.76","3,132.56","3,078.80","28.60B","1.55%"
"09/21/2023","3,084.70","3,103.18","3,113.49","3,084.70","22.87B","-0.77%"
"09/20/2023","3,108.57","3,118.67","3,122.13","3,108.16","22.81B","-0.52%"
"09/19/2023","3,124.96","3,123.99","3,131.13","3,113.53","25.37B","-0.03%"
"09/18/2023","3,125.93","3,110.44","3,128.70","3,098.50","25.94B","0.26%"
"09/15/2023","3,117.74","3,133.59","3,141.96","3,107.45","29.20B","-0.28%"
"09/14/2023","3,126.55","3,124.85","3,135.02","3,111.86","26.40B","0.11%"
"09/13/2023","3,123.07","3,137.77","3,143.76","3,106.97","24.97B","-0.45%"
"09/12/2023","3,137.06","3,140.34","3,147.51","3,134.32","23.47B","-0.18%"
"09/11/2023","3,142.78","3,119.61","3,155.10","3,113.82","29.04B","0.84%"
"09/08/2023","3,116.72","3,114.23","3,126.04","3,104.67","22.81B","-0.18%"
"09/07/2023","3,122.35","3,152.20","3,152.27","3,120.82","26.93B","-1.13%"
"09/06/2023","3,158.08","3,147.14","3,162.15","3,136.90","26.70B","0.12%"
"09/05/2023","3,154.37","3,169.74","3,169.74","3,150.08","29.41B","-0.71%"
"09/04/2023","3,177.06","3,145.94","3,177.06","3,143.38","36.64B","1.40%"
"09/01/2023","3,133.25","3,126.02","3,143.85","3,123.19","29.23B","0.43%"
"08/31/2023","3,119.88","3,134.55","3,139.98","3,113.95","31.34B","-0.55%"
"08/30/2023","3,137.14","3,144.41","3,153.69","3,126.90","34.75B","0.04%"
"08/29/2023","3,135.89","3,091.94","3,145.76","3,090.44","39.89B","1.20%"
"08/28/2023","3,098.64","3,219.04","3,219.04","3,089.12","48.56B","1.13%"
"08/25/2023","3,064.07","3,068.61","3,085.05","3,053.04","29.33B","-0.59%"
"08/24/2023","3,082.24","3,085.91","3,106.18","3,072.95","30.00B","0.12%"
"08/23/2023","3,078.40","3,116.27","3,116.38","3,077.61","27.22B","-1.34%"
"08/22/2023","3,120.33","3,103.78","3,126.78","3,074.53","30.93B","0.88%"
"08/21/2023","3,092.98","3,125.99","3,134.96","3,092.98","26.58B","-1.24%"
"08/18/2023","3,131.95","3,165.10","3,179.12","3,131.95","29.44B","-1.00%"
"08/17/2023","3,163.74","3,137.35","3,167.45","3,123.25","29.47B","0.43%"
"08/16/2023","3,150.13","3,164.70","3,176.63","3,149.72","28.17B","-0.82%"
"08/15/2023","3,176.18","3,180.56","3,186.23","3,147.35","27.33B","-0.07%"
"08/14/2023","3,178.43","3,159.71","3,180.51","3,141.66","29.98B","-0.34%"
"08/11/2023","3,189.25","3,254.48","3,254.48","3,189.25","33.01B","-2.01%"
"08/10/2023","3,254.56","3,242.21","3,257.03","3,234.12","28.74B","0.31%"
"08/09/2023","3,244.49","3,251.15","3,257.08","3,240.29","27.12B","-0.49%"
"08/08/2023","3,260.62","3,260.72","3,274.52","3,246.67","31.65B","-0.25%"
"08/07/2023","3,268.83","3,276.78","3,276.78","3,258.54","36.03B","-0.59%"
"08/04/2023","3,288.08","3,296.09","3,315.05","3,281.73","47.09B","0.23%"
"08/03/2023","3,280.46","3,254.57","3,280.86","3,247.27","38.47B","0.58%"
"08/02/2023","3,261.69","3,281.86","3,290.82","3,252.30","40.53B","-0.89%"
"08/01/2023","3,290.95","3,288.76","3,305.34","3,279.57","45.99B","0.00%"
"07/31/2023","3,291.04","3,287.21","3,322.13","3,281.01","45.90B","0.46%"
"07/28/2023","3,275.93","3,206.74","3,280.28","3,200.99","41.11B","1.84%"
"07/27/2023","3,216.67","3,225.48","3,245.60","3,210.47","32.71B","-0.20%"
"07/26/2023","3,223.03","3,228.09","3,229.89","3,212.88","31.72B","-0.26%"
"07/25/2023","3,231.52","3,201.46","3,231.75","3,201.46","34.86B","2.13%"
"07/24/2023","3,164.16","3,157.47","3,178.73","3,151.13","21.66B","-0.11%"
"07/21/2023","3,167.75","3,163.42","3,185.64","3,157.33","22.53B","-0.06%"
"07/20/2023","3,169.52","3,201.91","3,209.06","3,165.67","23.89B","-0.92%"
"07/19/2023","3,198.84","3,195.01","3,204.36","3,181.56","21.74B","0.03%"
"07/18/2023","3,197.82","3,206.79","3,210.25","3,190.00","23.50B","-0.37%"
"07/17/2023","3,209.63","3,219.02","3,219.02","3,195.89","25.02B","-0.87%"
"07/14/2023","3,237.70","3,240.97","3,248.39","3,234.00","27.33B","0.04%"
"07/13/2023","3,236.48","3,202.70","3,238.47","3,202.70","27.66B","1.26%"
"07/12/2023","3,196.13","3,220.38","3,224.33","3,193.44","27.14B","-0.78%"
"07/11/2023","3,221.37","3,211.12","3,221.68","3,200.38","22.76B","0.55%"
"07/10/2023","3,203.70","3,208.73","3,216.53","3,192.66","23.66B","0.22%"
"07/07/2023","3,196.61","3,197.47","3,212.05","3,189.21","25.57B","-0.28%"
"07/06/2023","3,205.57","3,215.86","3,229.48","3,199.72","24.61B","-0.54%"
"07/05/2023","3,222.95","3,240.05","3,241.84","3,218.60","26.40B","-0.69%"
"07/04/2023","3,245.35","3,241.23","3,246.96","3,233.99","27.92B","0.04%"
"07/03/2023","3,243.98","3,209.16","3,246.86","3,209.16","31.24B","1.31%"
"06/30/2023","3,202.06","3,178.92","3,212.99","3,177.99","26.54B","0.62%"
"06/29/2023","3,182.38","3,185.42","3,196.50","3,179.53","25.03B","-0.22%"
"06/28/2023","3,189.38","3,183.49","3,192.66","3,157.12","27.62B","0.00%"
"06/27/2023","3,189.44","3,153.31","3,194.41","3,148.27","28.76B","1.23%"
"06/26/2023","3,150.62","3,177.23","3,181.08","3,144.25","30.81B","-1.48%"
"06/21/2023","3,197.90","3,230.11","3,236.36","3,197.90","29.44B","-1.31%"
"06/20/2023","3,240.36","3,252.54","3,252.84","3,237.79","29.83B","-0.47%"
"06/19/2023","3,255.81","3,271.16","3,271.16","3,251.78","32.78B","-0.54%"
"06/16/2023","3,273.33","3,256.30","3,276.55","3,255.50","32.63B","0.63%"
"06/15/2023","3,252.98","3,230.45","3,252.98","3,229.15","31.33B","0.74%"
"06/14/2023","3,228.99","3,238.12","3,248.46","3,226.77","30.35B","-0.14%"
"06/13/2023","3,233.67","3,223.90","3,235.09","3,215.50","28.06B","0.15%"
"06/12/2023","3,228.83","3,225.30","3,239.44","3,210.71","31.38B","-0.08%"
"06/09/2023","3,231.41","3,213.03","3,231.41","3,206.10","31.42B","0.55%"
"06/08/2023","3,213.59","3,194.83","3,225.53","3,180.54","29.35B","0.49%"
"06/07/2023","3,197.76","3,197.47","3,210.33","3,188.01","25.81B","0.08%"
"06/06/2023","3,195.34","3,228.41","3,247.35","3,189.27","30.83B","-1.15%"
"06/05/2023","3,232.44","3,231.81","3,244.18","3,221.63","27.81B","0.07%"
"06/02/2023","3,230.07","3,212.45","3,233.99","3,211.74","29.47B","0.79%"
"06/01/2023","3,204.63","3,196.15","3,225.09","3,189.52","31.23B","0.00%"
"05/31/2023","3,204.56","3,214.66","3,216.36","3,190.27","29.46B","-0.61%"
"05/30/2023","3,224.21","3,214.67","3,230.63","3,186.63","30.35B","0.09%"
"05/29/2023","3,221.45","3,219.76","3,230.97","3,208.96","29.74B","0.28%"
"05/26/2023","3,212.50","3,198.88","3,220.77","3,179.82","26.17B","0.35%"
"05/25/2023","3,201.26","3,197.36","3,207.02","3,168.57","28.36B","-0.11%"
"05/24/2023","3,204.75","3,237.70","3,237.70","3,204.38","28.87B","-1.28%"
"05/23/2023","3,246.24","3,294.79","3,298.23","3,246.24","27.53B","-1.52%"
"05/22/2023","3,296.47","3,278.60","3,308.53","3,276.54","27.39B","0.39%"
"05/19/2023","3,283.54","3,288.89","3,302.34","3,268.22","28.54B","-0.42%"
"05/18/2023","3,297.32","3,288.41","3,313.86","3,284.17","31.00B","0.40%"
"05/17/2023","3,284.23","3,281.97","3,298.52","3,269.89","28.57B","-0.21%"
"05/16/2023","3,290.99","3,310.16","3,317.90","3,282.49","32.25B","-0.60%"
"05/15/2023","3,310.74","3,269.88","3,310.74","3,235.87","38.80B","1.17%"
"05/12/2023","3,272.36","3,304.46","3,319.13","3,271.43","34.73B","-1.12%"
"05/11/2023","3,309.55","3,323.66","3,333.25","3,307.29","35.43B","-0.29%"
"05/10/2023","3,319.15","3,347.70","3,349.72","3,305.25","45.17B","-1.15%"
"05/09/2023","3,357.67","3,402.39","3,418.95","3,356.12","57.30B","-1.10%"
"05/08/2023","3,395.00","3,340.99","3,400.18","3,340.99","53.41B","1.81%"
"05/05/2023","3,334.50","3,350.65","3,364.14","3,321.19","43.65B","-0.48%"
"05/04/2023","3,350.46","3,306.48","3,352.75","3,302.03","48.34B","0.82%"
"04/28/2023","3,323.27","3,283.12","3,324.88","3,283.12","40.16B","1.14%"
"04/27/2023","3,285.88","3,256.23","3,299.30","3,253.11","34.16B","0.67%"
"04/26/2023","3,264.10","3,255.22","3,277.98","3,239.99","35.79B","-0.02%"
"04/25/2023","3,264.87","3,276.40","3,288.57","3,229.45","38.09B","-0.32%"
"04/24/2023","3,275.41","3,300.81","3,303.09","3,264.93","35.43B","-0.78%"
"04/21/2023","3,301.26","3,364.00","3,367.61","3,301.26","38.74B","-1.95%"
"04/20/2023","3,367.03","3,367.05","3,371.37","3,344.02","35.04B","-0.09%"
"04/19/2023","3,370.13","3,391.35","3,394.96","3,364.64","34.61B","-0.68%"
"04/18/2023","3,393.33","3,379.23","3,396.17","3,375.78","34.84B","0.23%"
"04/17/2023","3,385.61","3,337.06","3,385.61","3,336.39","40.28B","1.42%"
"04/14/2023","3,338.15","3,326.37","3,340.08","3,316.81","33.83B","0.60%"
"04/13/2023","3,318.36","3,321.27","3,334.47","3,309.25","34.79B","-0.27%"
"04/12/2023","3,327.18","3,316.86","3,330.71","3,315.40","34.30B","0.41%"
"04/11/2023","3,313.57","3,317.08","3,317.45","3,298.25","32.06B","-0.05%"
"04/10/2023","3,315.36","3,331.51","3,332.72","3,309.92","34.08B","-0.37%"
"04/07/2023","3,327.65","3,312.48","3,328.85","3,308.06","28.30B","0.45%"
"04/06/2023","3,312.63","3,302.75","3,314.53","3,296.05","32.72B","0.00%"
"04/04/2023","3,312.56","3,297.18","3,312.56","3,290.99","38.59B","0.49%"
"04/03/2023","3,296.40","3,277.34","3,299.73","3,276.42","35.77B","0.72%"
"03/31/2023","3,272.86","3,263.41","3,278.42","3,260.04","28.36B","0.36%"
"03/30/2023","3,261.25","3,243.07","3,263.74","3,220.98","29.99B","0.65%"
"03/29/2023","3,240.06","3,253.62","3,254.56","3,229.58","29.69B","-0.16%"
"03/28/2023","3,245.38","3,256.60","3,264.10","3,241.74","29.57B","-0.19%"
"03/27/2023","3,251.40","3,261.82","3,261.82","3,229.70","33.79B","-0.44%"
"03/24/2023","3,265.65","3,282.74","3,282.74","3,260.84","32.45B","-0.64%"
"03/23/2023","3,286.65","3,258.78","3,286.65","3,252.99","30.61B","0.64%"
"03/22/2023","3,265.75","3,263.41","3,279.39","3,255.74","29.08B","0.31%"
"03/21/2023","3,255.65","3,240.84","3,256.00","3,237.89","30.18B","0.64%"
"03/20/2023","3,234.91","3,253.93","3,267.99","3,231.65","39.25B","-0.48%"
"03/17/2023","3,250.55","3,245.26","3,279.92","3,240.16","34.30B","0.73%"
"03/16/2023","3,226.89","3,244.47","3,257.43","3,224.72","32.74B","-1.12%"
"03/15/2023","3,263.31","3,261.03","3,273.12","3,256.86","30.52B","0.55%"
"03/14/2023","3,245.31","3,261.92","3,262.00","3,216.99","31.99B","-0.72%"
"03/13/2023","3,268.70","3,228.12","3,268.70","3,228.12","29.49B","1.20%"
"03/10/2023","3,230.08","3,255.51","3,262.15","3,229.50","28.11B","-1.40%"
"03/09/2023","3,276.09","3,285.94","3,289.06","3,260.00","26.40B","-0.22%"
"03/08/2023","3,283.25","3,271.88","3,283.25","3,263.69","26.04B","-0.06%"
"03/07/2023","3,285.10","3,320.21","3,342.86","3,284.41","39.00B","-1.11%"
"03/06/2023","3,322.03","3,332.02","3,333.06","3,308.73","34.05B","-0.19%"
"03/03/2023","3,328.39","3,314.77","3,330.60","3,302.62","34.40B","0.54%"
"03/02/2023","3,310.65","3,308.01","3,320.74","3,306.46","32.85B","-0.05%"
"03/01/2023","3,312.35","3,279.14","3,315.16","3,272.04","31.84B","1.00%"
"02/28/2023","3,279.61","3,265.74","3,280.42","3,246.14","25.16B","0.66%"
"02/27/2023","3,258.03","3,257.00","3,276.58","3,251.72","24.29B","-0.28%"
"02/24/2023","3,267.16","3,287.26","3,288.39","3,253.97","23.42B","-0.62%"
"02/23/2023","3,287.48","3,293.52","3,307.44","3,275.36","26.23B","-0.11%"
"02/22/2023","3,291.15","3,292.05","3,307.03","3,286.72","25.54B","-0.47%"
"02/21/2023","3,306.52","3,291.63","3,308.79","3,282.44","32.44B","0.49%"
"02/20/2023","3,290.34","3,230.47","3,291.04","3,225.84","32.50B","2.06%"
"02/17/2023","3,224.02","3,244.73","3,262.47","3,223.26","27.85B","-0.77%"
"02/16/2023","3,249.03","3,281.74","3,308.83","3,231.34","38.09B","-0.96%"
"02/15/2023","3,280.49","3,294.01","3,296.20","3,274.55","26.99B","-0.39%"
"02/14/2023","3,293.28","3,288.97","3,293.73","3,279.19","27.10B","0.28%"
"02/13/2023","3,284.16","3,256.99","3,285.09","3,252.63","29.72B","0.72%"
"02/10/2023","3,260.67","3,266.44","3,269.99","3,247.23","26.06B","-0.30%"
"02/09/2023","3,270.38","3,227.73","3,270.38","3,225.77","25.48B","1.18%"
"02/08/2023","3,232.11","3,251.50","3,257.11","3,230.44","23.45B","-0.49%"
"02/07/2023","3,248.09","3,245.23","3,250.03","3,233.83","25.09B","0.29%"
"02/06/2023","3,238.70","3,244.70","3,250.35","3,226.21","26.71B","-0.76%"
"02/03/2023","3,263.41","3,275.66","3,275.66","3,235.35","29.33B","-0.68%"
"02/02/2023","3,285.67","3,291.78","3,295.76","3,272.41","33.34B","0.02%"
"02/01/2023","3,284.92","3,262.20","3,284.92","3,245.41","33.95B","0.90%"
"01/31/2023","3,255.67","3,266.14","3,277.25","3,252.01","30.02B","-0.42%"
"01/30/2023","3,269.32","3,308.87","3,310.49","3,266.76","35.33B","0.14%"
"01/20/2023","3,264.81","3,247.20","3,267.06","3,247.20","27.32B","0.76%"
"01/19/2023","3,240.28","3,221.52","3,240.28","3,210.38","22.65B","0.49%"
"01/18/2023","3,224.41","3,227.59","3,234.82","3,220.37","21.21B","0.00%"
"01/17/2023","3,224.24","3,229.44","3,231.26","3,211.76","22.66B","-0.10%"
"01/16/2023","3,227.59","3,198.52","3,251.37","3,197.32","30.67B","1.01%"
"01/13/2023","3,195.31","3,170.35","3,195.31","3,167.51","22.02B","1.01%"
"01/12/2023","3,163.45","3,167.27","3,171.59","3,153.40","21.67B","0.05%"
"01/11/2023","3,161.84","3,172.38","3,184.76","3,160.89","23.77B","-0.24%"
"01/10/2023","3,169.51","3,178.02","3,178.16","3,165.14","23.30B","-0.21%"
"01/09/2023","3,176.08","3,169.37","3,183.58","3,165.43","25.81B","0.58%"
"01/06/2023","3,157.64","3,155.07","3,170.74","3,151.84","25.74B","0.08%"
"01/05/2023","3,155.22","3,132.76","3,159.43","3,130.23","25.70B","1.01%"
"01/04/2023","3,123.52","3,117.57","3,129.09","3,109.45","27.33B","0.22%"
"01/03/2023","3,116.51","3,087.51","3,119.86","3,073.05","28.14B","0.88%"
"12/30/2022","3,089.26","3,084.52","3,096.31","3,082.20","21.75B","0.51%"
"12/29/2022","3,073.70","3,076.73","3,086.00","3,064.46","21.56B","-0.44%"
"12/28/2022","3,087.40","3,088.62","3,098.65","3,079.43","22.46B","-0.26%"
"12/27/2022","3,095.57","3,077.75","3,098.08","3,074.31","22.22B","0.98%"
"12/26/2022","3,065.56","3,048.20","3,071.84","3,047.35","20.65B","0.65%"
"12/23/2022","3,045.87","3,038.84","3,061.87","3,031.54","19.20B","-0.28%"
"12/22/2022","3,054.43","3,085.80","3,096.24","3,044.60","22.36B","-0.46%"
"12/21/2022","3,068.41","3,078.33","3,085.80","3,060.55","18.91B","-0.17%"
"12/20/2022","3,073.77","3,098.95","3,100.75","3,061.51","21.88B","-1.07%"
"12/19/2022","3,107.11","3,165.31","3,170.26","3,096.10","27.85B","-1.92%"
"12/16/2022","3,167.86","3,156.14","3,175.35","3,151.61","25.98B","-0.02%"
"12/15/2022","3,168.65","3,177.20","3,179.10","3,158.45","24.30B","-0.25%"
"12/14/2022","3,176.53","3,178.55","3,189.83","3,168.59","26.56B","0.01%"
"12/13/2022","3,176.33","3,179.44","3,187.20","3,171.48","28.58B","-0.09%"
"12/12/2022","3,179.04","3,195.87","3,196.72","3,176.58","33.34B","-0.87%"
"12/09/2022","3,206.95","3,197.12","3,212.11","3,182.91","37.33B","0.30%"
"12/08/2022","3,197.35","3,196.02","3,206.72","3,187.26","32.10B","-0.07%"
"12/07/2022","3,199.62","3,204.94","3,226.08","3,188.67","35.41B","-0.40%"
"12/06/2022","3,212.53","3,200.27","3,224.82","3,195.08","37.36B","0.02%"
"12/05/2022","3,211.81","3,181.92","3,213.44","3,177.06","44.74B","1.76%"
"12/02/2022","3,156.14","3,160.58","3,170.90","3,149.84","30.78B","-0.29%"
"12/01/2022","3,165.47","3,187.99","3,198.41","3,164.53","38.70B","0.45%"
"11/30/2022","3,151.34","3,141.40","3,158.57","3,137.37","37.27B","0.05%"
"11/29/2022","3,149.75","3,096.11","3,152.00","3,096.11","39.15B","2.31%"
"11/28/2022","3,078.55","3,055.29","3,080.18","3,034.70","30.58B","-0.75%"
"11/25/2022","3,101.69","3,085.46","3,111.42","3,077.97","31.14B","0.40%"
"11/24/2022","3,089.31","3,104.10","3,113.24","3,084.86","26.75B","-0.25%"
"11/23/2022","3,096.91","3,084.74","3,108.24","3,075.32","32.62B","0.26%"
"11/22/2022","3,088.94","3,084.23","3,118.12","3,076.32","32.76B","0.13%"
"11/21/2022","3,085.04","3,078.06","3,085.24","3,056.17","25.60B","-0.39%"
"11/18/2022","3,097.24","3,116.73","3,126.71","3,096.89","30.00B","-0.58%"
"11/17/2022","3,115.43","3,110.96","3,115.44","3,087.17","28.70B","-0.15%"
"11/16/2022","3,119.98","3,133.65","3,145.75","3,115.35","30.34B","-0.45%"
"11/15/2022","3,134.08","3,081.14","3,135.59","3,074.50","33.15B","1.64%"
"11/14/2022","3,083.40","3,100.87","3,121.41","3,075.22","36.18B","-0.13%"
"11/11/2022","3,087.29","3,099.65","3,117.74","3,070.30","40.96B","1.69%"
"11/10/2022","3,036.13","3,031.69","3,047.98","3,022.85","27.04B","-0.39%"
"11/09/2022","3,048.17","3,064.46","3,073.92","3,046.19","23.56B","-0.53%"
"11/08/2022","3,064.49","3,077.31","3,078.28","3,047.46","25.65B","-0.43%"
"11/07/2022","3,077.82","3,062.86","3,088.19","3,054.46","32.06B","0.23%"
"11/04/2022","3,070.80","2,997.00","3,081.59","2,997.00","32.98B","2.43%"
"11/03/2022","2,997.81","2,981.20","3,003.72","2,977.72","25.93B","-0.19%"
"11/02/2022","3,003.37","2,960.65","3,019.05","2,954.95","32.51B","1.15%"
"11/01/2022","2,969.20","2,899.50","2,969.20","2,896.76","31.98B","2.62%"
"10/31/2022","2,893.48","2,893.20","2,926.01","2,885.09","30.20B","-0.77%"
"10/28/2022","2,915.93","2,967.02","2,974.24","2,908.98","29.25B","-2.25%"
"10/27/2022","2,982.90","3,005.04","3,017.26","2,981.69","26.56B","-0.55%"
"10/26/2022","2,999.50","2,977.56","3,028.35","2,977.56","26.87B","0.78%"
"10/25/2022","2,976.28","2,969.16","3,001.72","2,944.26","25.56B","-0.04%"
"10/24/2022","2,977.56","3,034.75","3,064.42","2,965.17","29.81B","-2.02%"
"10/21/2022","3,038.93","3,038.04","3,055.42","3,026.96","24.53B","0.13%"
"10/20/2022","3,035.05","3,029.30","3,070.26","3,013.69","24.47B","-0.31%"
"10/19/2022","3,044.38","3,073.26","3,081.39","3,044.38","23.09B","-1.19%"
"10/18/2022","3,080.96","3,094.93","3,099.92","3,074.22","24.56B","-0.13%"
"10/17/2022","3,084.94","3,060.52","3,087.19","3,052.71","26.26B","0.42%"
"10/14/2022","3,071.99","3,035.03","3,084.27","3,035.03","27.73B","1.84%"
"10/13/2022","3,016.36","3,008.30","3,036.25","3,004.50","24.97B","-0.30%"
"10/12/2022","3,025.51","2,976.72","3,025.51","2,934.09","24.80B","1.53%"
"10/11/2022","2,979.79","2,978.06","2,986.91","2,953.50","20.86B","0.19%"
"10/10/2022","2,974.15","3,026.94","3,029.45","2,968.28","24.34B","-1.66%"
"09/30/2022","3,024.39","3,042.17","3,054.61","3,021.93","20.41B","-0.55%"
"09/29/2022","3,041.20","3,067.47","3,076.76","3,026.08","23.00B","-0.13%"
"09/28/2022","3,045.07","3,089.10","3,089.10","3,044.86","23.01B","-1.58%"
"09/27/2022","3,093.86","3,056.39","3,094.04","3,048.36","23.27B","1.40%"
"09/26/2022","3,051.23","3,067.57","3,102.65","3,048.51","26.27B","-1.20%"
"09/23/2022","3,088.37","3,106.81","3,124.66","3,072.24","24.31B","-0.66%"
"09/22/2022","3,108.91","3,098.77","3,125.68","3,092.82","22.11B","-0.27%"
"09/21/2022","3,117.18","3,116.01","3,129.82","3,091.30","23.30B","-0.17%"
"09/20/2022","3,122.41","3,127.84","3,140.03","3,114.04","21.99B","0.22%"
"09/19/2022","3,115.60","3,122.75","3,135.56","3,101.22","24.91B","-0.35%"
"09/16/2022","3,126.40","3,189.83","3,191.83","3,126.40","31.65B","-2.30%"
"09/15/2022","3,199.92","3,248.97","3,254.18","3,174.39","32.52B","-1.16%"
"09/14/2022","3,237.54","3,224.68","3,250.80","3,221.96","25.52B","-0.80%"
"09/13/2022","3,263.80","3,272.05","3,278.17","3,259.66","27.62B","0.05%"
"09/09/2022","3,262.05","3,241.18","3,266.20","3,236.51","28.38B","0.82%"
"09/08/2022","3,235.59","3,245.56","3,253.70","3,233.80","28.17B","-0.33%"
"09/07/2022","3,246.29","3,232.14","3,253.77","3,227.82","30.10B","0.09%"
"09/06/2022","3,243.45","3,207.93","3,244.64","3,203.82","31.89B","1.36%"
"09/05/2022","3,199.91","3,183.95","3,199.91","3,172.04","28.07B","0.42%"
"09/02/2022","3,186.48","3,189.64","3,198.28","3,173.79","25.05B","0.05%"
"09/01/2022","3,184.98","3,196.54","3,214.56","3,181.63","27.47B","-0.54%"
"08/31/2022","3,202.14","3,216.53","3,232.02","3,184.39","34.44B","-0.78%"
"08/30/2022","3,227.22","3,240.18","3,243.75","3,212.63","29.43B","-0.42%"
"08/29/2022","3,240.73","3,203.10","3,240.73","3,199.00","29.70B","0.14%"
"08/26/2022","3,236.22","3,250.63","3,266.27","3,232.28","30.99B","-0.31%"
"08/25/2022","3,246.25","3,223.46","3,248.35","3,199.12","33.62B","0.97%"
"08/24/2022","3,215.20","3,279.17","3,281.88","3,212.39","36.61B","-1.86%"
"08/23/2022","3,276.22","3,274.43","3,284.60","3,262.63","31.66B","-0.05%"
"08/22/2022","3,277.79","3,249.70","3,278.17","3,247.19","31.45B","0.61%"
"08/19/2022","3,258.08","3,275.62","3,286.49","3,258.06","33.35B","-0.59%"
"08/18/2022","3,277.54","3,286.37","3,289.14","3,270.56","30.17B","-0.46%"
"08/17/2022","3,292.53","3,282.10","3,296.00","3,263.35","32.61B","0.45%"
"08/16/2022","3,277.88","3,278.68","3,295.02","3,271.57","30.36B","0.05%"
"08/15/2022","3,276.09","3,268.37","3,286.89","3,261.82","28.71B","-0.02%"
"08/12/2022","3,276.89","3,275.77","3,288.22","3,272.84","29.99B","-0.15%"
"08/11/2022","3,281.67","3,243.47","3,281.67","3,237.90","30.06B","1.60%"
"08/10/2022","3,230.02","3,242.36","3,253.17","3,217.81","25.76B","-0.54%"
"08/09/2022","3,247.43","3,235.74","3,248.77","3,227.54","25.96B","0.32%"
"08/08/2022","3,236.93","3,218.85","3,237.97","3,214.08","25.43B","0.31%"
"08/05/2022","3,227.03","3,195.23","3,228.89","3,184.45","27.47B","1.19%"
"08/04/2022","3,189.04","3,179.43","3,191.00","3,155.70","26.09B","0.80%"
"08/03/2022","3,163.67","3,188.89","3,217.55","3,159.46","32.49B","-0.71%"
"08/02/2022","3,186.27","3,231.26","3,231.26","3,155.19","39.42B","-2.26%"
"08/01/2022","3,259.96","3,246.62","3,264.30","3,225.55","29.22B","0.21%"
"07/29/2022","3,253.24","3,282.81","3,294.80","3,246.37","30.73B","-0.89%"
"07/28/2022","3,282.58","3,287.50","3,305.71","3,277.11","28.81B","0.21%"
"07/27/2022","3,275.76","3,271.78","3,282.57","3,265.73","24.91B","-0.05%"
"07/26/2022","3,277.44","3,254.19","3,282.41","3,246.04","25.95B","0.83%"
"07/25/2022","3,250.39","3,269.71","3,273.18","3,243.03","27.12B","-0.60%"
"07/22/2022","3,269.97","3,276.20","3,293.64","3,246.73","30.07B","-0.06%"
"07/21/2022","3,272.00","3,297.66","3,300.53","3,272.00","33.24B","-0.99%"
"07/20/2022","3,304.72","3,291.55","3,308.35","3,287.74","30.15B","0.77%"
"07/19/2022","3,279.43","3,278.72","3,283.93","3,256.02","31.57B","0.04%"
"07/18/2022","3,278.10","3,235.09","3,278.47","3,226.23","34.83B","1.55%"
"07/15/2022","3,228.06","3,261.38","3,288.92","3,228.06","38.02B","-1.64%"
"07/14/2022","3,281.74","3,277.45","3,299.25","3,261.49","35.59B","-0.08%"
"07/13/2022","3,284.29","3,279.60","3,297.02","3,266.48","33.18B","0.09%"
"07/12/2022","3,281.47","3,307.22","3,319.25","3,277.08","33.46B","-0.97%"
"07/11/2022","3,313.58","3,341.10","3,341.10","3,297.00","34.27B","-1.27%"
"07/08/2022","3,356.08","3,380.37","3,386.31","3,354.12","32.29B","-0.25%"
"07/07/2022","3,364.40","3,353.13","3,375.86","3,332.31","33.44B","0.27%"
"07/06/2022","3,355.35","3,391.03","3,391.03","3,333.10","38.46B","-1.43%"
"07/05/2022","3,404.03","3,411.13","3,424.84","3,372.06","41.17B","-0.04%"
"07/04/2022","3,405.43","3,381.82","3,405.62","3,364.09","35.77B","0.53%"
"07/01/2022","3,387.64","3,400.26","3,404.05","3,378.36","35.05B","-0.32%"
"06/30/2022","3,398.62","3,358.93","3,417.01","3,358.93","38.12B","1.10%"
"06/29/2022","3,361.52","3,399.68","3,414.65","3,358.47","44.06B","-1.40%"
"06/28/2022","3,409.21","3,377.68","3,412.10","3,358.87","41.21B","0.89%"
"06/27/2022","3,379.19","3,364.00","3,393.31","3,364.00","41.41B","0.88%"
"06/24/2022","3,349.75","3,324.74","3,356.71","3,322.95","39.08B","0.89%"
"06/23/2022","3,320.15","3,269.05","3,320.15","3,262.29","40.06B","1.62%"
"06/22/2022","3,267.20","3,309.12","3,311.02","3,266.54","37.55B","-1.20%"
"06/21/2022","3,306.72","3,313.79","3,329.39","3,279.83","39.45B","-0.26%"
"06/20/2022","3,315.43","3,315.78","3,333.90","3,292.93","41.35B","-0.04%"
"06/17/2022","3,316.79","3,265.51","3,323.28","3,262.89","39.53B","0.96%"
"06/16/2022","3,285.38","3,306.84","3,319.69","3,277.53","43.32B","-0.61%"
"06/15/2022","3,305.41","3,289.10","3,358.55","3,288.85","55.06B","0.50%"
"06/14/2022","3,288.91","3,224.21","3,289.13","3,195.82","45.04B","1.02%"
"06/13/2022","3,255.55","3,256.27","3,272.99","3,229.31","43.86B","-0.89%"
"06/10/2022","3,284.83","3,214.18","3,286.62","3,210.81","43.99B","1.42%"
"06/09/2022","3,238.95","3,259.49","3,270.56","3,223.48","42.27B","-0.76%"
"06/08/2022","3,263.79","3,245.02","3,266.63","3,216.01","43.42B","0.68%"
"06/07/2022","3,241.76","3,235.42","3,253.09","3,222.64","40.22B","0.17%"
"06/06/2022","3,236.37","3,196.96","3,237.07","3,181.65","42.20B","1.28%"
"06/02/2022","3,195.46","3,170.31","3,197.28","3,163.76","36.18B","0.42%"
"06/01/2022","3,182.16","3,179.69","3,190.61","3,160.04","36.57B","-0.13%"
"05/31/2022","3,186.43","3,149.94","3,188.60","3,142.00","37.45B","1.19%"
"05/30/2022","3,149.06","3,141.96","3,150.89","3,123.15","34.94B","0.60%"
"05/27/2022","3,130.24","3,135.03","3,151.05","3,112.54","35.95B","0.23%"
"05/26/2022","3,123.11","3,111.48","3,133.28","3,079.48","37.03B","0.50%"
"05/25/2022","3,107.46","3,070.17","3,107.63","3,069.95","34.23B","1.19%"
"05/24/2022","3,070.93","3,149.06","3,153.13","3,070.93","41.63B","-2.41%"
"05/23/2022","3,146.86","3,150.49","3,150.51","3,127.90","35.34B","0.01%"
"05/20/2022","3,146.57","3,107.09","3,146.57","3,107.09","37.23B","1.60%"
"05/19/2022","3,096.96","3,046.71","3,096.96","3,042.67","33.66B","0.36%"
"05/18/2022","3,085.98","3,095.89","3,105.84","3,071.30","31.50B","-0.25%"
"05/17/2022","3,093.70","3,076.50","3,093.70","3,057.64","33.04B","0.65%"
"05/16/2022","3,073.75","3,100.55","3,102.58","3,063.40","33.81B","-0.34%"
"05/13/2022","3,084.28","3,068.03","3,086.10","3,059.25","33.17B","0.96%"
"05/12/2022","3,054.99","3,044.80","3,072.16","3,032.95","34.44B","-0.12%"
"05/11/2022","3,058.70","3,035.39","3,100.90","3,034.67","42.40B","0.75%"
"05/10/2022","3,035.84","2,965.78","3,043.78","2,957.40","37.07B","1.06%"
"05/09/2022","3,004.14","2,990.20","3,015.94","2,983.61","29.21B","0.09%"
"05/06/2022","3,001.56","3,011.32","3,030.69","2,992.72","34.33B","-2.16%"
"05/05/2022","3,067.76","3,044.85","3,082.23","3,042.12","38.31B","0.68%"
"04/29/2022","3,047.06","2,986.06","3,048.49","2,968.33","42.39B","2.41%"
"04/28/2022","2,975.48","2,945.81","2,991.51","2,936.79","37.54B","0.58%"
"04/27/2022","2,958.28","2,866.82","2,959.18","2,863.65","42.31B","2.49%"
"04/26/2022","2,886.43","2,930.45","2,957.68","2,878.26","40.16B","-1.44%"
"04/25/2022","2,928.51","3,034.27","3,043.82","2,928.51","43.36B","-5.13%"
"04/22/2022","3,086.92","3,058.40","3,105.66","3,049.36","34.20B","0.23%"
"04/21/2022","3,079.81","3,138.43","3,160.90","3,069.68","39.19B","-2.26%"
"04/20/2022","3,151.05","3,189.89","3,191.83","3,142.05","36.20B","-1.35%"
"04/19/2022","3,194.03","3,192.09","3,207.83","3,174.71","33.99B","-0.05%"
"04/18/2022","3,195.52","3,185.94","3,204.03","3,166.98","34.74B","-0.49%"
"04/15/2022","3,211.24","3,210.70","3,229.87","3,200.13","40.78B","-0.45%"
"04/14/2022","3,225.64","3,203.63","3,240.00","3,200.23","37.12B","1.22%"
"04/13/2022","3,186.82","3,199.80","3,225.47","3,183.53","39.12B","-0.82%"
"04/12/2022","3,213.33","3,165.12","3,214.54","3,140.90","41.83B","1.46%"
"04/11/2022","3,167.13","3,239.85","3,239.85","3,156.51","42.42B","-2.61%"
"04/08/2022","3,251.85","3,239.88","3,257.09","3,208.35","41.38B","0.47%"
"04/07/2022","3,236.70","3,267.81","3,290.26","3,236.48","40.26B","-1.42%"
"04/06/2022","3,283.43","3,269.43","3,288.11","3,255.69","42.96B","0.02%"
"04/01/2022","3,282.72","3,234.67","3,287.23","3,226.30","37.82B","0.94%"
"03/31/2022","3,252.20","3,256.14","3,272.04","3,246.06","39.84B","-0.44%"
"03/30/2022","3,266.60","3,217.59","3,266.60","3,216.30","36.68B","1.96%"
"03/29/2022","3,203.94","3,216.01","3,229.18","3,196.46","31.63B","-0.33%"
"03/28/2022","3,214.50","3,185.17","3,230.22","3,159.83","34.50B","0.07%"
"03/25/2022","3,212.24","3,247.16","3,257.11","3,211.64","34.00B","-1.17%"
"03/24/2022","3,250.26","3,256.06","3,266.89","3,236.66","32.90B","-0.63%"
"03/23/2022","3,271.03","3,264.79","3,279.89","3,251.98","34.99B","0.34%"
"03/22/2022","3,259.86","3,249.54","3,279.11","3,239.53","36.12B","0.19%"
"03/21/2022","3,253.69","3,255.62","3,267.50","3,223.39","35.42B","0.08%"
"03/18/2022","3,251.07","3,207.15","3,260.78","3,197.36","37.30B","1.12%"
"03/17/2022","3,215.04","3,215.01","3,260.17","3,202.93","42.08B","1.40%"
"03/16/2022","3,170.71","3,107.67","3,177.79","3,023.30","44.47B","3.48%"
"03/15/2022","3,063.97","3,192.36","3,196.92","3,063.97","46.50B","-4.95%"
"03/14/2022","3,223.53","3,271.89","3,297.80","3,223.53","33.80B","-2.60%"
"03/11/2022","3,309.75","3,259.32","3,315.66","3,217.42","38.41B","0.41%"
"03/10/2022","3,296.09","3,312.18","3,326.58","3,291.24","37.83B","1.22%"
"03/09/2022","3,256.39","3,303.71","3,321.48","3,147.68","46.63B","-1.13%"
"03/08/2022","3,293.53","3,372.55","3,383.63","3,287.34","41.59B","-2.35%"
"03/07/2022","3,372.86","3,438.56","3,438.56","3,360.74","39.36B","-2.17%"
"03/04/2022","3,447.65","3,459.98","3,474.88","3,437.70","39.35B","-0.96%"
"03/03/2022","3,481.11","3,495.93","3,500.29","3,473.34","41.26B","-0.09%"
"03/02/2022","3,484.19","3,478.29","3,486.62","3,467.00","32.94B","-0.13%"
"03/01/2022","3,488.83","3,471.36","3,491.13","3,465.72","32.60B","0.77%"
"02/28/2022","3,462.31","3,450.32","3,462.31","3,425.52","34.58B","0.32%"
"02/25/2022","3,451.41","3,445.34","3,480.18","3,440.93","37.75B","0.63%"
"02/24/2022","3,429.96","3,474.37","3,486.98","3,400.21","48.84B","-1.70%"
"02/23/2022","3,489.15","3,458.51","3,490.76","3,458.18","32.56B","0.93%"
"02/22/2022","3,457.15","3,473.29","3,473.39","3,437.67","32.63B","-0.96%"
"02/21/2022","3,490.61","3,488.41","3,492.20","3,471.69","30.15B","0.00%"
"02/18/2022","3,490.76","3,451.63","3,490.76","3,447.03","29.51B","0.66%"
"02/17/2022","3,468.04","3,464.21","3,480.97","3,454.28","29.73B","0.06%"
"02/16/2022","3,465.83","3,457.07","3,475.06","3,453.80","27.50B","0.57%"
"02/15/2022","3,446.09","3,428.04","3,447.49","3,421.64","27.56B","0.50%"
"02/14/2022","3,428.88","3,451.85","3,457.26","3,415.45","31.53B","-0.98%"
"02/11/2022","3,462.95","3,472.28","3,500.15","3,459.33","36.14B","-0.66%"
"02/10/2022","3,485.91","3,481.91","3,488.86","3,464.22","35.57B","0.17%"
"02/09/2022","3,479.95","3,450.82","3,484.74","3,444.08","35.02B","0.79%"
"02/08/2022","3,452.63","3,428.54","3,453.19","3,390.46","36.61B","0.67%"
"02/07/2022","3,429.58","3,407.76","3,434.03","3,407.76","32.05B","2.03%"
"01/28/2022","3,361.44","3,407.59","3,417.05","3,356.56","29.09B","-0.97%"
"01/27/2022","3,394.25","3,456.10","3,456.36","3,392.02","28.06B","-1.78%"
"01/26/2022","3,455.67","3,442.69","3,462.12","3,417.76","27.51B","0.66%"
"01/25/2022","3,433.06","3,509.28","3,519.83","3,433.06","32.74B","-2.58%"
"01/24/2022","3,524.10","3,508.24","3,531.61","3,500.14","28.03B","0.04%"
"01/21/2022","3,522.57","3,546.75","3,547.00","3,514.89","32.65B","-0.91%"
"01/20/2022","3,555.06","3,556.23","3,576.26","3,540.55","37.95B","-0.09%"
"01/19/2022","3,558.18","3,567.63","3,578.73","3,541.66","33.32B","-0.33%"
"01/18/2022","3,569.91","3,541.89","3,579.31","3,531.33","37.71B","0.80%"
"01/17/2022","3,541.67","3,522.09","3,546.09","3,519.43","31.29B","0.58%"
"01/14/2022","3,521.26","3,544.07","3,548.42","3,519.32","37.69B","-0.96%"
"01/13/2022","3,555.26","3,601.03","3,601.07","3,555.16","36.94B","-1.17%"
"01/12/2022","3,597.43","3,578.16","3,599.50","3,572.10","34.31B","0.84%"
"01/11/2022","3,567.44","3,589.90","3,602.15","3,562.75","35.98B","-0.73%"
"01/10/2022","3,593.52","3,572.74","3,593.52","3,555.13","35.62B","0.39%"
"01/07/2022","3,579.54","3,588.99","3,607.23","3,577.10","43.63B","-0.18%"
"01/06/2022","3,586.08","3,581.22","3,594.49","3,559.88","37.15B","-0.25%"
"01/05/2022","3,595.18","3,628.26","3,628.26","3,583.47","42.39B","-1.02%"
"01/04/2022","3,632.33","3,649.15","3,651.89","3,610.09","40.50B","-0.20%"
"12/31/2021","3,639.78","3,626.24","3,642.84","3,624.94","32.97B","0.57%"
"12/30/2021","3,619.19","3,596.49","3,628.92","3,595.50","30.78B","0.62%"
"12/29/2021","3,597.00","3,630.92","3,630.92","3,596.32","30.51B","-0.91%"
"12/28/2021","3,630.11","3,619.64","3,631.08","3,607.36","31.62B","0.39%"
"12/27/2021","3,615.97","3,613.05","3,632.19","3,601.94","32.92B","-0.06%"
"12/24/2021","3,618.05","3,645.39","3,648.96","3,612.07","39.03B","-0.69%"
"12/23/2021","3,643.34","3,625.47","3,643.55","3,618.05","38.29B","0.57%"
"12/22/2021","3,622.62","3,632.68","3,635.90","3,616.55","39.48B","-0.07%"
"12/21/2021","3,625.13","3,591.45","3,627.09","3,591.45","40.82B","0.88%"
"12/20/2021","3,593.60","3,620.04","3,643.95","3,589.36","42.39B","-1.07%"
"12/17/2021","3,632.36","3,670.26","3,673.65","3,631.66","40.85B","-1.16%"
"12/16/2021","3,675.02","3,648.93","3,675.02","3,644.66","38.13B","0.75%"
"12/15/2021","3,647.63","3,655.05","3,668.40","3,645.24","37.75B","-0.38%"
"12/14/2021","3,661.53","3,669.81","3,671.68","3,654.66","36.22B","-0.53%"
"12/13/2021","3,681.08","3,686.94","3,708.94","3,678.06","42.41B","0.40%"
"12/10/2021","3,666.35","3,654.37","3,667.85","3,651.35","42.00B","-0.18%"
"12/09/2021","3,673.04","3,641.16","3,688.40","3,638.70","43.19B","0.98%"
"12/08/2021","3,637.57","3,602.82","3,637.72","3,591.99","36.10B","1.18%"
"12/07/2021","3,595.09","3,611.22","3,614.22","3,572.57","40.38B","0.16%"
"12/06/2021","3,589.31","3,615.24","3,626.13","3,586.81","41.87B","-0.50%"
"12/03/2021","3,607.43","3,576.45","3,608.47","3,573.21","37.76B","0.94%"
"12/02/2021","3,573.84","3,573.25","3,586.87","3,567.14","35.40B","-0.09%"
"12/01/2021","3,576.89","3,561.89","3,576.89","3,558.69","32.99B","0.36%"
"11/30/2021","3,563.89","3,570.75","3,582.11","3,546.36","34.92B","0.03%"
"11/29/2021","3,562.70","3,528.67","3,563.68","3,526.35","33.36B","-0.04%"
"11/26/2021","3,564.09","3,576.11","3,576.11","3,554.88","30.10B","-0.56%"
"11/25/2021","3,584.18","3,593.39","3,597.15","3,579.53","30.65B","-0.24%"
"11/24/2021","3,592.70","3,590.02","3,602.74","3,575.29","33.68B","0.10%"
"11/23/2021","3,589.09","3,580.51","3,598.38","3,577.36","36.00B","0.20%"
"11/22/2021","3,582.08","3,562.76","3,585.19","3,562.75","33.00B","0.61%"
"11/19/2021","3,560.37","3,519.28","3,561.91","3,517.65","31.80B","1.13%"
"11/18/2021","3,520.71","3,531.49","3,537.98","3,513.11","31.24B","-0.47%"
"11/17/2021","3,537.37","3,518.56","3,537.51","3,513.52","27.67B","0.44%"
"11/16/2021","3,521.79","3,530.46","3,549.77","3,517.81","31.04B","-0.33%"
"11/15/2021","3,533.30","3,542.90","3,550.44","3,521.29","31.30B","-0.16%"
"11/12/2021","3,539.10","3,534.15","3,543.65","3,527.39","30.87B","0.18%"
"11/11/2021","3,532.79","3,486.45","3,534.20","3,482.83","32.21B","1.15%"
"11/10/2021","3,492.46","3,498.94","3,498.94","3,448.44","30.70B","-0.41%"
"11/09/2021","3,507.00","3,507.11","3,514.95","3,489.04","28.73B","0.24%"
"11/08/2021","3,498.63","3,491.97","3,507.27","3,484.24","29.82B","0.20%"
"11/05/2021","3,491.57","3,520.21","3,525.87","3,491.46","35.45B","-1.00%"
"11/04/2021","3,526.87","3,505.89","3,527.95","3,503.01","31.94B","0.81%"
"11/03/2021","3,498.54","3,501.10","3,512.61","3,480.49","30.66B","-0.20%"
"11/02/2021","3,505.63","3,543.38","3,559.05","3,477.66","41.76B","-1.10%"
"11/01/2021","3,544.48","3,530.40","3,556.59","3,519.29","38.23B","-0.08%"
"10/29/2021","3,547.34","3,519.33","3,547.34","3,502.80","35.88B","0.82%"
"10/28/2021","3,518.42","3,548.70","3,552.04","3,509.49","37.82B","-1.23%"
"10/27/2021","3,562.31","3,589.86","3,589.86","3,553.13","35.06B","-0.98%"
"10/26/2021","3,597.64","3,612.83","3,625.02","3,589.71","33.73B","-0.34%"
"10/25/2021","3,609.86","3,574.26","3,611.09","3,564.21","32.12B","0.76%"
"10/22/2021","3,582.60","3,594.75","3,607.58","3,578.76","35.32B","-0.34%"
"10/21/2021","3,594.78","3,590.05","3,610.96","3,576.35","35.23B","0.22%"
"10/20/2021","3,587.00","3,583.24","3,596.05","3,574.30","34.42B","-0.17%"
"10/19/2021","3,593.15","3,562.30","3,596.79","3,560.62","33.42B","0.70%"
"10/18/2021","3,568.14","3,571.05","3,571.05","3,539.48","34.10B","-0.12%"
"10/15/2021","3,572.37","3,551.99","3,578.77","3,542.69","32.03B","0.40%"
"10/14/2021","3,558.28","3,555.11","3,569.69","3,547.18","29.50B","-0.10%"
"10/13/2021","3,561.76","3,543.49","3,569.13","3,515.65","32.51B","0.42%"
"10/12/2021","3,546.94","3,581.30","3,583.64","3,515.14","40.54B","-1.25%"
"10/11/2021","3,591.71","3,600.36","3,614.70","3,586.75","39.44B","-0.01%"
"10/08/2021","3,592.17","3,609.09","3,612.55","3,571.73","40.72B","0.67%"
"09/30/2021","3,568.17","3,541.93","3,572.43","3,541.93","39.56B","0.90%"
"09/29/2021","3,536.29","3,573.52","3,573.52","3,518.05","45.25B","-1.83%"
"09/28/2021","3,602.22","3,577.89","3,610.92","3,568.82","44.42B","0.54%"
"09/27/2021","3,582.83","3,625.96","3,640.81","3,559.92","51.08B","-0.84%"
"09/24/2021","3,613.07","3,637.87","3,651.43","3,607.79","50.73B","-0.80%"
"09/23/2021","3,642.22","3,651.27","3,670.95","3,632.28","53.50B","0.38%"
"09/22/2021","3,628.49","3,563.21","3,629.45","3,560.50","47.23B","0.40%"
"09/17/2021","3,613.97","3,595.27","3,620.96","3,569.27","51.68B","0.19%"
"09/16/2021","3,607.09","3,664.84","3,677.92","3,606.73","54.67B","-1.34%"
"09/15/2021","3,656.22","3,651.16","3,677.53","3,638.32","47.50B","-0.17%"
"09/14/2021","3,662.60","3,709.63","3,723.85","3,655.63","56.50B","-1.42%"
"09/13/2021","3,715.37","3,699.25","3,716.83","3,692.82","55.75B","0.33%"
"09/10/2021","3,703.11","3,691.19","3,722.87","3,681.64","63.52B","0.27%"
"09/09/2021","3,693.13","3,666.82","3,693.45","3,662.16","60.48B","0.49%"
"09/08/2021","3,675.19","3,673.40","3,695.32","3,661.00","58.64B","-0.04%"
"09/07/2021","3,676.59","3,621.71","3,681.93","3,615.14","54.77B","1.51%"
"09/06/2021","3,621.86","3,580.14","3,626.29","3,580.14","52.17B","1.12%"
"09/03/2021","3,581.73","3,602.74","3,613.95","3,569.40","61.45B","-0.43%"
"09/02/2021","3,597.04","3,559.90","3,597.37","3,557.68","57.27B","0.84%"
"09/01/2021","3,567.10","3,543.87","3,582.32","3,514.67","66.73B","0.65%"
"08/31/2021","3,543.94","3,519.02","3,543.94","3,496.39","52.42B","0.45%"
"08/30/2021","3,528.15","3,535.07","3,539.49","3,512.99","51.28B","0.17%"
"08/27/2021","3,522.16","3,494.42","3,530.19","3,493.38","45.53B","0.59%"
"08/26/2021","3,501.66","3,537.31","3,537.32","3,499.45","50.29B","-1.09%"
"08/25/2021","3,540.38","3,517.92","3,540.39","3,510.07","45.00B","0.74%"
"08/24/2021","3,514.47","3,482.27","3,522.70","3,481.14","43.02B","1.07%"
"08/23/2021","3,477.13","3,436.80","3,481.25","3,436.67","38.47B","1.45%"
"08/20/2021","3,427.33","3,442.51","3,453.15","3,394.97","39.11B","-1.10%"
"08/19/2021","3,465.55","3,475.30","3,480.46","3,446.01","38.24B","-0.57%"
"08/18/2021","3,485.29","3,442.35","3,487.44","3,437.69","38.92B","1.11%"
"08/17/2021","3,446.98","3,512.11","3,531.72","3,438.12","42.29B","-2.00%"
"08/16/2021","3,517.34","3,514.34","3,537.85","3,510.90","39.11B","0.03%"
"08/13/2021","3,516.30","3,514.47","3,540.08","3,500.80","37.82B","-0.24%"
"08/12/2021","3,524.74","3,522.72","3,538.40","3,513.45","38.11B","-0.22%"
"08/11/2021","3,532.62","3,527.11","3,544.09","3,524.04","38.38B","0.08%"
"08/10/2021","3,529.93","3,488.66","3,529.93","3,477.06","34.51B","1.01%"
"08/09/2021","3,494.63","3,441.75","3,502.84","3,438.70","34.99B","1.05%"
"08/06/2021","3,458.23","3,465.48","3,466.39","3,436.93","33.68B","-0.24%"
"08/05/2021","3,466.55","3,461.72","3,486.16","3,449.39","34.84B","-0.31%"
"08/04/2021","3,477.22","3,442.94","3,477.60","3,440.78","34.87B","0.85%"
"08/03/2021","3,447.99","3,446.78","3,470.66","3,435.46","40.07B","-0.47%"
"08/02/2021","3,464.29","3,385.69","3,464.29","3,367.64","43.29B","1.97%"
"07/30/2021","3,397.36","3,398.20","3,404.88","3,370.45","38.14B","-0.42%"
"07/29/2021","3,411.72","3,403.84","3,416.61","3,382.57","34.46B","1.49%"
"07/28/2021","3,361.59","3,355.82","3,385.54","3,312.72","39.58B","-0.58%"
"07/27/2021","3,381.18","3,467.45","3,483.87","3,380.28","46.91B","-2.49%"
"07/26/2021","3,467.44","3,538.01","3,538.01","3,424.74","44.29B","-2.34%"
"07/23/2021","3,550.40","3,571.72","3,571.85","3,541.51","44.64B","-0.68%"
"07/22/2021","3,574.73","3,563.66","3,576.47","3,558.29","38.11B","0.34%"
"07/21/2021","3,562.66","3,543.05","3,569.09","3,543.05","33.90B","0.73%"
"07/20/2021","3,536.79","3,515.07","3,538.64","3,509.19","29.38B","-0.07%"
"07/19/2021","3,539.12","3,530.49","3,544.88","3,506.34","33.68B","-0.01%"
"07/16/2021","3,539.30","3,559.53","3,566.00","3,537.73","36.60B","-0.71%"
"07/15/2021","3,564.59","3,519.06","3,565.93","3,514.26","36.33B","1.02%"
"07/14/2021","3,528.50","3,560.83","3,560.83","3,525.49","37.22B","-1.07%"
"07/13/2021","3,566.52","3,547.59","3,567.48","3,542.82","36.24B","0.53%"
"07/12/2021","3,547.84","3,545.20","3,565.03","3,527.39","40.36B","0.67%"
"07/09/2021","3,524.09","3,512.23","3,529.31","3,485.05","34.99B","-0.04%"
"07/08/2021","3,525.50","3,557.22","3,558.68","3,521.06","35.09B","-0.79%"
"07/07/2021","3,553.72","3,508.59","3,557.88","3,504.47","31.88B","0.66%"
"07/06/2021","3,530.26","3,533.13","3,538.35","3,496.93","31.41B","-0.11%"
"07/05/2021","3,534.32","3,516.92","3,534.32","3,510.58","28.81B","0.44%"
"07/02/2021","3,518.76","3,569.89","3,569.89","3,514.34","29.19B","-1.95%"
"07/01/2021","3,588.78","3,600.55","3,607.70","3,573.94","29.19B","-0.07%"
"06/30/2021","3,591.20","3,572.62","3,594.12","3,569.50","26.82B","0.50%"
"06/29/2021","3,573.18","3,601.68","3,601.83","3,570.53","30.61B","-0.92%"
"06/28/2021","3,606.37","3,612.25","3,614.36","3,594.22","32.13B","-0.03%"
"06/25/2021","3,607.56","3,567.38","3,614.30","3,564.52","34.61B","1.15%"
"06/24/2021","3,566.65","3,568.58","3,570.49","3,548.82","33.54B","0.01%"
"06/23/2021","3,566.22","3,559.40","3,577.47","3,549.85","31.07B","0.25%"
"06/22/2021","3,557.41","3,539.79","3,560.19","3,536.81","30.75B","0.80%"
"06/21/2021","3,529.18","3,515.50","3,540.30","3,504.01","28.09B","0.12%"
"06/18/2021","3,525.10","3,520.50","3,535.62","3,503.18","29.67B","-0.01%"
"06/17/2021","3,525.60","3,508.32","3,534.20","3,507.35","27.72B","0.21%"
"06/16/2021","3,518.33","3,556.71","3,561.09","3,513.56","31.26B","-1.07%"
"06/15/2021","3,556.56","3,587.47","3,592.95","3,547.19","34.92B","-0.92%"
"06/11/2021","3,589.75","3,614.11","3,614.40","3,587.15","36.06B","-0.58%"
"06/10/2021","3,610.86","3,587.53","3,624.34","3,584.13","31.82B","0.54%"
"06/09/2021","3,591.40","3,576.80","3,598.71","3,572.64","29.83B","0.32%"
"06/08/2021","3,580.11","3,598.75","3,621.52","3,563.25","30.45B","-0.54%"
"06/07/2021","3,599.54","3,597.14","3,600.38","3,581.90","30.37B","0.21%"
"06/04/2021","3,591.84","3,565.47","3,618.80","3,561.89","33.09B","0.21%"
"06/03/2021","3,584.21","3,595.42","3,618.51","3,584.21","35.42B","-0.36%"
"06/02/2021","3,597.14","3,626.33","3,629.29","3,584.60","34.86B","-0.76%"
"06/01/2021","3,624.71","3,608.60","3,626.07","3,581.91","35.28B","0.26%"
"05/31/2021","3,615.48","3,600.07","3,615.66","3,580.65","33.15B","0.41%"
"05/28/2021","3,600.78","3,610.77","3,622.18","3,582.36","34.92B","-0.22%"
"05/27/2021","3,608.85","3,585.73","3,626.36","3,579.26","30.96B","0.43%"
"05/26/2021","3,593.36","3,586.84","3,603.49","3,585.37","34.20B","0.34%"
"05/25/2021","3,581.34","3,502.54","3,584.58","3,502.44","34.12B","2.40%"
"05/24/2021","3,497.28","3,486.27","3,498.30","3,469.87","28.95B","0.31%"
"05/21/2021","3,486.56","3,510.84","3,518.38","3,479.67","28.38B","-0.58%"
"05/20/2021","3,506.94","3,500.88","3,517.74","3,486.07","32.60B","-0.11%"
"05/19/2021","3,510.96","3,521.11","3,521.11","3,503.82","27.83B","-0.51%"
"05/18/2021","3,529.01","3,520.65","3,529.01","3,510.86","27.13B","0.32%"
"05/17/2021","3,517.62","3,490.41","3,530.51","3,490.14","32.21B","0.78%"
"05/14/2021","3,490.38","3,436.09","3,490.64","3,422.56","33.70B","1.77%"
"05/13/2021","3,429.54","3,432.14","3,448.02","3,418.38","31.93B","-0.96%"
"05/12/2021","3,462.75","3,429.75","3,466.37","3,428.39","31.14B","0.61%"
"05/11/2021","3,441.85","3,406.60","3,448.10","3,384.70","35.09B","0.40%"
"05/10/2021","3,427.99","3,423.59","3,429.74","3,401.93","37.42B","0.27%"
"05/07/2021","3,418.87","3,446.41","3,457.89","3,416.78","35.38B","-0.65%"
"05/06/2021","3,441.28","3,446.07","3,471.24","3,426.85","31.04B","-0.16%"
"04/30/2021","3,446.86","3,468.30","3,469.09","3,426.90","31.27B","-0.81%"
"04/29/2021","3,474.90","3,458.08","3,478.23","3,447.59","27.66B","0.52%"
"04/28/2021","3,457.07","3,432.16","3,457.07","3,423.32","24.74B","0.42%"
"04/27/2021","3,442.61","3,440.09","3,443.85","3,417.26","25.30B","0.04%"
"04/26/2021","3,441.17","3,484.11","3,497.12","3,438.57","27.70B","-0.95%"
"04/23/2021","3,474.17","3,462.09","3,482.36","3,456.33","24.94B","0.26%"
"04/22/2021","3,465.11","3,482.83","3,485.36","3,456.32","25.11B","-0.23%"
"04/21/2021","3,472.93","3,456.30","3,481.25","3,450.11","25.38B","0.00%"
"04/20/2021","3,472.94","3,467.15","3,494.30","3,463.46","28.53B","-0.13%"
"04/19/2021","3,477.55","3,427.55","3,479.01","3,414.36","30.27B","1.49%"
"04/16/2021","3,426.62","3,407.19","3,432.63","3,394.13","25.86B","0.81%"
"04/15/2021","3,398.99","3,409.61","3,409.61","3,373.09","23.40B","-0.52%"
"04/14/2021","3,416.72","3,397.02","3,420.03","3,392.98","23.32B","0.60%"
"04/13/2021","3,396.47","3,411.29","3,425.39","3,387.90","27.06B","-0.48%"
"04/12/2021","3,412.95","3,445.97","3,456.16","3,403.90","30.96B","-1.09%"
"04/09/2021","3,450.68","3,475.44","3,475.45","3,442.14","28.01B","-0.92%"
"04/08/2021","3,482.55","3,467.49","3,495.91","3,459.32","33.18B","0.08%"
"04/07/2021","3,479.63","3,483.42","3,483.42","3,453.19","29.58B","-0.10%"
"04/06/2021","3,482.97","3,491.63","3,493.28","3,471.76","23.47B","-0.04%"
"04/02/2021","3,484.39","3,472.63","3,487.59","3,462.83","26.27B","0.52%"
"04/01/2021","3,466.33","3,444.81","3,470.03","3,438.83","27.52B","0.71%"
"03/31/2021","3,441.91","3,452.21","3,452.21","3,420.83","28.30B","-0.43%"
"03/30/2021","3,456.68","3,432.53","3,457.63","3,423.32","28.54B","0.62%"
"03/29/2021","3,435.30","3,429.63","3,449.83","3,409.89","28.48B","0.50%"
"03/26/2021","3,418.33","3,373.32","3,423.22","3,373.32","27.46B","1.63%"
"03/25/2021","3,363.59","3,355.07","3,382.23","3,344.97","27.07B","-0.10%"
"03/24/2021","3,367.06","3,394.13","3,415.29","3,362.18","31.74B","-1.30%"
"03/23/2021","3,411.51","3,445.34","3,445.42","3,390.05","32.64B","-0.93%"
"03/22/2021","3,443.44","3,406.12","3,443.66","3,404.23","31.26B","1.14%"
"03/19/2021","3,404.66","3,423.87","3,439.52","3,389.29","30.92B","-1.69%"
"03/18/2021","3,463.07","3,449.64","3,478.14","3,449.38","28.44B","0.51%"
"03/17/2021","3,445.55","3,435.73","3,454.06","3,410.28","28.01B","-0.03%"
"03/16/2021","3,446.73","3,424.65","3,448.88","3,406.17","31.67B","0.78%"
"03/15/2021","3,419.95","3,441.88","3,457.49","3,392.51","36.78B","-0.96%"
"03/12/2021","3,453.08","3,447.20","3,454.51","3,417.24","35.80B","0.47%"
"03/11/2021","3,436.83","3,369.90","3,436.83","3,369.90","32.21B","2.36%"
"03/10/2021","3,357.74","3,389.84","3,397.03","3,354.82","29.97B","-0.05%"
"03/09/2021","3,359.29","3,415.34","3,429.15","3,328.31","40.77B","-1.82%"
"03/08/2021","3,421.41","3,524.98","3,542.30","3,421.22","38.70B","-2.30%"
"03/05/2021","3,501.99","3,463.31","3,523.57","3,456.67","35.64B","-0.04%"
"03/04/2021","3,503.49","3,546.64","3,552.20","3,487.38","39.36B","-2.05%"
"03/03/2021","3,576.90","3,500.16","3,577.62","3,498.72","34.77B","1.95%"
"03/02/2021","3,508.59","3,566.85","3,566.85","3,485.36","33.98B","-1.21%"
"03/01/2021","3,551.40","3,531.48","3,552.57","3,511.99","31.55B","1.21%"
"02/26/2021","3,509.08","3,514.56","3,550.41","3,500.70","33.33B","-2.12%"
"02/25/2021","3,585.05","3,595.54","3,608.56","3,568.47","36.62B","0.59%"
"02/24/2021","3,564.08","3,638.94","3,645.65","3,531.59","36.22B","-1.99%"
"02/23/2021","3,636.36","3,617.70","3,672.15","3,617.70","39.89B","-0.17%"
"02/22/2021","3,642.44","3,707.19","3,717.27","3,642.44","48.88B","-1.45%"
"02/19/2021","3,696.17","3,661.78","3,699.65","3,634.01","36.11B","0.57%"
"02/18/2021","3,675.36","3,721.09","3,731.69","3,663.66","34.03B","0.55%"
"02/10/2021","3,655.09","3,612.61","3,662.77","3,612.50","25.79B","1.43%"
"02/09/2021","3,603.49","3,539.77","3,604.01","3,528.68","25.38B","2.01%"
"02/08/2021","3,532.45","3,504.56","3,542.21","3,492.13","24.98B","1.03%"
"02/05/2021","3,496.33","3,509.49","3,536.54","3,492.96","29.01B","-0.16%"
"02/04/2021","3,501.86","3,503.78","3,524.72","3,465.77","29.88B","-0.44%"
"02/03/2021","3,517.31","3,531.15","3,544.01","3,508.51","29.74B","-0.46%"
"02/02/2021","3,533.68","3,510.81","3,535.50","3,495.57","26.45B","0.81%"
"02/01/2021","3,505.28","3,477.17","3,506.39","3,469.88","27.76B","0.64%"
"01/29/2021","3,483.07","3,521.72","3,531.60","3,446.55","29.37B","-0.63%"
"01/28/2021","3,505.18","3,534.67","3,549.54","3,496.88","27.09B","-1.91%"
"01/27/2021","3,573.34","3,567.55","3,578.80","3,546.49","26.41B","0.11%"
"01/26/2021","3,569.43","3,610.97","3,610.97","3,564.74","27.81B","-1.51%"
"01/25/2021","3,624.24","3,605.36","3,637.10","3,591.02","32.73B","0.48%"
"01/22/2021","3,606.75","3,616.54","3,616.54","3,585.03","32.45B","-0.40%"
"01/21/2021","3,621.26","3,590.92","3,636.24","3,585.80","32.75B","1.07%"
"01/20/2021","3,583.09","3,564.12","3,589.96","3,556.44","27.23B","0.47%"
"01/19/2021","3,566.38","3,596.36","3,603.15","3,553.02","32.34B","-0.83%"
"01/18/2021","3,596.22","3,554.80","3,608.77","3,544.26","30.17B","0.84%"
"01/15/2021","3,566.38","3,566.28","3,589.27","3,533.79","32.46B","0.01%"
"01/14/2021","3,565.90","3,584.93","3,599.06","3,559.60","34.77B","-0.91%"
"01/13/2021","3,598.65","3,613.28","3,622.35","3,575.59","38.81B","-0.27%"
"01/12/2021","3,608.34","3,518.01","3,608.34","3,517.47","32.34B","2.18%"
"01/11/2021","3,531.50","3,571.32","3,597.70","3,516.99","36.25B","-1.08%"
"01/08/2021","3,570.11","3,577.69","3,588.06","3,544.89","34.56B","-0.17%"
"01/07/2021","3,576.20","3,552.91","3,576.20","3,526.62","40.53B","0.71%"
"01/06/2021","3,550.88","3,530.91","3,556.80","3,513.13","37.02B","0.63%"
"01/05/2021","3,528.68","3,492.19","3,528.68","3,484.72","40.80B","0.73%"
"01/04/2021","3,502.96","3,474.68","3,511.66","3,457.21","38.08B","0.86%"
"12/31/2020","3,473.07","3,419.73","3,474.92","3,419.73","33.57B","1.72%"
"12/30/2020","3,414.45","3,375.01","3,414.45","3,374.42","29.10B","1.05%"
"12/29/2020","3,379.04","3,399.29","3,407.09","3,376.09","31.18B","-0.54%"
"12/28/2020","3,397.29","3,396.36","3,412.52","3,383.65","31.62B","0.02%"
"12/25/2020","3,396.56","3,351.79","3,397.01","3,348.35","29.45B","0.99%"
"12/24/2020","3,363.11","3,382.19","3,394.07","3,354.02","27.50B","-0.57%"
"12/23/2020","3,382.32","3,362.47","3,394.21","3,360.20","29.95B","0.76%"
"12/22/2020","3,356.78","3,410.97","3,415.75","3,353.86","32.30B","-1.86%"
"12/21/2020","3,420.57","3,394.39","3,423.61","3,381.12","28.38B","0.76%"
"12/18/2020","3,394.90","3,400.49","3,413.81","3,382.75","28.10B","-0.29%"
"12/17/2020","3,404.87","3,367.28","3,406.15","3,354.01","27.55B","1.13%"
"12/16/2020","3,366.98","3,371.26","3,378.66","3,359.17","22.08B","-0.01%"
"12/15/2020","3,367.23","3,366.58","3,373.56","3,348.42","22.57B","-0.06%"
"12/14/2020","3,369.12","3,349.53","3,371.13","3,338.63","23.98B","0.66%"
"12/11/2020","3,347.19","3,381.01","3,383.18","3,325.17","29.86B","-0.77%"
"12/10/2020","3,373.28","3,365.73","3,384.89","3,357.75","24.73B","0.04%"
"12/09/2020","3,371.96","3,416.08","3,422.54","3,371.92","26.07B","-1.12%"
"12/08/2020","3,410.18","3,417.69","3,428.66","3,403.03","22.69B","-0.19%"
"12/07/2020","3,416.60","3,446.65","3,449.58","3,414.31","25.45B","-0.81%"
"12/04/2020","3,444.58","3,436.73","3,448.40","3,417.05","25.63B","0.07%"
"12/03/2020","3,442.14","3,448.54","3,452.16","3,428.80","29.85B","-0.21%"
"12/02/2020","3,449.38","3,453.52","3,465.73","3,435.87","31.28B","-0.07%"
"12/01/2020","3,451.94","3,388.99","3,457.64","3,386.91","31.62B","1.77%"
"11/30/2020","3,391.76","3,418.16","3,456.74","3,391.76","38.50B","-0.49%"
"11/27/2020","3,408.31","3,373.84","3,408.31","3,364.49","28.06B","1.14%"
"11/26/2020","3,369.73","3,360.06","3,371.45","3,344.28","25.59B","0.22%"
"11/25/2020","3,362.33","3,417.51","3,423.49","3,362.33","32.21B","-1.19%"
"11/24/2020","3,402.82","3,407.41","3,413.93","3,396.24","30.10B","-0.34%"
"11/23/2020","3,414.49","3,384.10","3,431.65","3,377.99","37.39B","1.09%"
"11/20/2020","3,377.73","3,359.60","3,380.15","3,356.31","26.13B","0.44%"
"11/19/2020","3,363.09","3,339.09","3,367.33","3,330.45","25.33B","0.47%"
"11/18/2020","3,347.30","3,337.33","3,358.89","3,333.99","28.75B","0.22%"
"11/17/2020","3,339.90","3,347.15","3,347.70","3,323.95","28.36B","-0.21%"
"11/16/2020","3,346.97","3,325.62","3,346.97","3,313.65","27.96B","1.11%"
"11/13/2020","3,310.10","3,327.23","3,327.23","3,291.64","22.79B","-0.86%"
"11/12/2020","3,338.68","3,344.46","3,350.28","3,329.49","21.65B","-0.11%"
"11/11/2020","3,342.20","3,354.02","3,365.84","3,339.04","27.12B","-0.53%"
"11/10/2020","3,360.15","3,387.62","3,387.62","3,346.17","27.87B","-0.40%"
"11/09/2020","3,373.73","3,329.43","3,380.82","3,329.43","31.02B","1.86%"
"11/06/2020","3,312.16","3,326.46","3,326.46","3,292.15","23.49B","-0.24%"
"11/05/2020","3,320.13","3,305.58","3,320.41","3,291.60","22.68B","1.30%"
"11/04/2020","3,277.44","3,273.43","3,286.62","3,254.11","18.85B","0.19%"
"11/03/2020","3,271.07","3,239.81","3,278.38","3,237.85","21.53B","1.42%"
"11/02/2020","3,225.12","3,228.72","3,242.80","3,209.91","22.68B","0.02%"
"10/30/2020","3,224.53","3,278.63","3,279.86","3,219.42","23.02B","-1.47%"
"10/29/2020","3,272.73","3,235.76","3,289.77","3,231.12","18.47B","0.11%"
"10/28/2020","3,269.24","3,256.22","3,275.87","3,238.38","17.32B","0.46%"
"10/27/2020","3,254.32","3,240.74","3,258.34","3,235.54","14.91B","0.10%"
"10/26/2020","3,251.12","3,258.70","3,264.45","3,226.60","16.77B","-0.82%"
"10/23/2020","3,278.00","3,308.16","3,326.05","3,276.62","17.42B","-1.04%"
"10/22/2020","3,312.50","3,315.82","3,320.88","3,281.37","16.60B","-0.38%"
"10/21/2020","3,325.02","3,332.15","3,332.15","3,304.17","17.76B","-0.09%"
"10/20/2020","3,328.10","3,307.15","3,328.10","3,293.77","16.51B","0.47%"
"10/19/2020","3,312.67","3,351.10","3,371.09","3,307.84","21.23B","-0.71%"
"10/16/2020","3,336.36","3,334.46","3,348.95","3,319.11","19.43B","0.13%"
"10/15/2020","3,332.18","3,342.92","3,354.58","3,330.00","19.10B","-0.26%"
"10/14/2020","3,340.78","3,353.62","3,353.62","3,332.96","19.87B","-0.56%"
"10/13/2020","3,359.75","3,353.12","3,361.83","3,334.50","20.49B","0.04%"
"10/12/2020","3,358.47","3,287.33","3,359.15","3,286.11","25.96B","2.64%"
"10/09/2020","3,272.08","3,262.61","3,280.51","3,260.19","18.83B","1.68%"
"09/30/2020","3,218.05","3,232.71","3,244.91","3,202.34","15.35B","-0.20%"
"09/29/2020","3,224.36","3,231.85","3,242.79","3,219.79","15.13B","0.21%"
"09/28/2020","3,217.53","3,224.98","3,238.18","3,210.89","15.60B","-0.06%"
"09/25/2020","3,219.42","3,234.37","3,239.47","3,208.03","16.48B","-0.12%"
"09/24/2020","3,223.18","3,262.88","3,265.35","3,221.24","20.67B","-1.72%"
"09/23/2020","3,279.71","3,278.84","3,289.76","3,264.89","16.92B","0.17%"
"09/22/2020","3,274.30","3,290.67","3,320.23","3,265.70","21.40B","-1.29%"
"09/21/2020","3,316.94","3,348.90","3,350.59","3,313.07","21.65B","-0.63%"
"09/18/2020","3,338.09","3,270.91","3,338.32","3,268.53","25.63B","2.07%"
"09/17/2020","3,270.44","3,277.32","3,290.41","3,248.50","20.29B","-0.41%"
"09/16/2020","3,283.92","3,293.17","3,302.46","3,271.07","20.04B","-0.36%"
"09/15/2020","3,295.68","3,277.13","3,297.69","3,263.75","19.77B","0.51%"
"09/14/2020","3,278.81","3,275.92","3,283.53","3,261.15","21.39B","0.57%"
"09/11/2020","3,260.35","3,225.78","3,262.50","3,220.54","22.17B","0.79%"
"09/10/2020","3,234.82","3,282.23","3,285.47","3,227.64","31.25B","-0.61%"
"09/09/2020","3,254.63","3,281.00","3,289.61","3,238.56","35.15B","-1.86%"
"09/08/2020","3,316.42","3,301.22","3,324.39","3,276.44","27.11B","0.72%"
"09/07/2020","3,292.59","3,349.92","3,368.24","3,285.63","26.06B","-1.87%"
"09/04/2020","3,355.37","3,336.41","3,360.11","3,328.55","22.16B","-0.87%"
"09/03/2020","3,384.98","3,404.03","3,425.63","3,374.26","25.53B","-0.58%"
"09/02/2020","3,404.80","3,420.47","3,421.40","3,377.21","26.15B","-0.17%"
"09/01/2020","3,410.61","3,389.74","3,410.61","3,381.71","24.70B","0.44%"
"08/31/2020","3,395.68","3,416.55","3,442.74","3,395.47","32.35B","-0.24%"
"08/28/2020","3,403.81","3,346.29","3,405.88","3,339.65","27.13B","1.60%"
"08/27/2020","3,350.11","3,333.49","3,351.83","3,312.99","23.71B","0.61%"
"08/26/2020","3,329.74","3,371.81","3,382.60","3,320.14","29.45B","-1.30%"
"08/25/2020","3,373.58","3,392.88","3,408.87","3,364.16","27.71B","-0.36%"
"08/24/2020","3,385.64","3,391.11","3,396.57","3,368.03","26.62B","0.15%"
"08/21/2020","3,380.68","3,380.23","3,393.92","3,358.00","28.75B","0.50%"
"08/20/2020","3,363.90","3,385.96","3,394.56","3,352.78","33.56B","-1.30%"
"08/19/2020","3,408.13","3,444.56","3,454.46","3,406.16","40.57B","-1.24%"
"08/18/2020","3,451.09","3,441.93","3,456.72","3,432.64","38.07B","0.36%"
"08/17/2020","3,438.80","3,373.90","3,450.90","3,369.37","43.46B","2.34%"
"08/14/2020","3,360.10","3,315.67","3,362.03","3,302.74","30.60B","1.19%"
"08/13/2020","3,320.73","3,328.18","3,338.15","3,309.46","32.43B","0.04%"
"08/12/2020","3,319.27","3,327.49","3,335.73","3,263.27","37.83B","-0.63%"
"08/11/2020","3,340.29","3,379.49","3,409.06","3,336.09","40.05B","-1.15%"
"08/10/2020","3,379.25","3,341.53","3,399.93","3,335.04","38.14B","0.75%"
"08/07/2020","3,354.04","3,370.59","3,374.13","3,307.71","40.39B","-0.96%"
"08/06/2020","3,386.46","3,380.76","3,392.70","3,334.33","41.53B","0.26%"
"08/05/2020","3,377.56","3,363.33","3,383.64","3,333.88","38.58B","0.17%"
"08/04/2020","3,371.69","3,376.44","3,391.07","3,352.50","44.23B","0.11%"
"08/03/2020","3,367.97","3,332.18","3,368.10","3,327.68","40.75B","1.75%"
"07/31/2020","3,310.01","3,280.80","3,333.79","3,261.61","35.38B","0.71%"
"07/30/2020","3,286.82","3,299.57","3,312.45","3,282.16","34.07B","-0.23%"
"07/29/2020","3,294.55","3,221.99","3,294.55","3,209.99","32.49B","2.06%"
"07/28/2020","3,227.96","3,226.13","3,245.30","3,208.49","28.94B","0.71%"
"07/27/2020","3,205.23","3,210.39","3,221.98","3,174.66","29.93B","0.26%"
"07/24/2020","3,196.77","3,310.64","3,319.13","3,184.96","42.71B","-3.86%"
"07/23/2020","3,325.11","3,306.15","3,336.30","3,257.83","40.70B","-0.24%"
"07/22/2020","3,333.16","3,315.18","3,381.98","3,311.79","39.33B","0.37%"
"07/21/2020","3,320.89","3,330.55","3,336.68","3,300.57","35.93B","0.20%"
"07/20/2020","3,314.15","3,243.91","3,314.15","3,220.68","41.86B","3.11%"
"07/17/2020","3,214.13","3,214.40","3,252.78","3,181.27","35.97B","0.13%"
"07/16/2020","3,210.10","3,356.36","3,373.53","3,209.73","49.06B","-4.50%"
"07/15/2020","3,361.30","3,422.08","3,432.45","3,345.75","49.20B","-1.56%"
"07/14/2020","3,414.62","3,435.02","3,451.22","3,366.08","54.32B","-0.83%"
"07/13/2020","3,443.29","3,379.39","3,458.79","3,369.04","55.80B","1.77%"
"07/10/2020","3,383.32","3,418.93","3,433.11","3,372.51","55.61B","-1.95%"
"07/09/2020","3,450.59","3,403.48","3,456.97","3,393.64","62.00B","1.39%"
"07/08/2020","3,403.44","3,337.55","3,421.53","3,327.71","58.71B","1.74%"
"07/07/2020","3,345.34","3,380.95","3,407.08","3,336.24","65.78B","0.37%"
"07/06/2020","3,332.88","3,187.84","3,337.27","3,187.84","64.39B","5.71%"
"07/03/2020","3,152.81","3,104.00","3,152.81","3,104.00","45.88B","2.01%"
"07/02/2020","3,090.57","3,023.72","3,092.44","3,021.67","39.11B","2.13%"
"07/01/2020","3,025.98","2,991.18","3,026.19","2,984.98","27.33B","1.38%"
"06/30/2020","2,984.67","2,965.11","2,990.83","2,965.11","21.50B","0.78%"
"06/29/2020","2,961.52","2,973.08","2,977.91","2,951.77","22.06B","-0.61%"
"06/24/2020","2,979.55","2,972.98","2,982.94","2,971.22","21.32B","0.30%"
"06/23/2020","2,970.62","2,960.89","2,972.40","2,949.85","22.52B","0.18%"
"06/22/2020","2,965.27","2,966.90","2,983.44","2,959.03","26.79B","-0.08%"
"06/19/2020","2,967.63","2,938.79","2,973.32","2,935.82","26.43B","0.96%"
"06/18/2020","2,939.32","2,929.88","2,942.90","2,920.11","25.87B","0.12%"
"06/17/2020","2,935.87","2,932.67","2,936.62","2,919.04","23.47B","0.14%"
"06/16/2020","2,931.75","2,912.83","2,931.78","2,909.13","22.33B","1.44%"
"06/15/2020","2,890.03","2,908.28","2,922.54","2,890.03","24.32B","-1.02%"
"06/12/2020","2,919.74","2,876.80","2,930.26","2,872.62","23.60B","-0.04%"
"06/11/2020","2,920.90","2,939.79","2,952.65","2,912.19","23.37B","-0.78%"
"06/10/2020","2,943.75","2,951.28","2,951.33","2,934.84","20.79B","-0.42%"
"06/09/2020","2,956.11","2,939.54","2,957.12","2,932.94","20.90B","0.62%"
"06/08/2020","2,937.77","2,941.98","2,950.07","2,934.21","23.11B","0.24%"
"06/05/2020","2,930.80","2,923.19","2,930.80","2,909.12","21.74B","0.40%"
"06/04/2020","2,919.25","2,931.84","2,932.97","2,910.75","22.66B","-0.14%"
"06/03/2020","2,923.37","2,930.39","2,942.76","2,922.66","25.57B","0.07%"
"06/02/2020","2,921.40","2,916.32","2,926.36","2,909.13","25.61B","0.20%"
"06/01/2020","2,915.43","2,871.96","2,917.15","2,871.96","26.02B","2.21%"
"05/29/2020","2,852.35","2,835.58","2,855.38","2,829.63","20.68B","0.22%"
"05/28/2020","2,846.22","2,838.21","2,861.92","2,820.15","20.75B","0.33%"
"05/27/2020","2,836.80","2,847.32","2,849.00","2,831.93","19.81B","-0.34%"
"05/26/2020","2,846.55","2,827.90","2,848.34","2,825.90","17.46B","1.01%"
"05/25/2020","2,817.97","2,816.24","2,821.50","2,802.47","17.29B","0.15%"
"05/22/2020","2,813.77","2,863.05","2,863.05","2,808.02","20.91B","-1.89%"
"05/21/2020","2,867.92","2,890.72","2,891.52","2,864.21","20.35B","-0.55%"
"05/20/2020","2,883.74","2,896.47","2,896.47","2,876.18","21.05B","-0.51%"
"05/19/2020","2,898.58","2,897.69","2,900.22","2,887.58","19.72B","0.81%"
"05/18/2020","2,875.42","2,872.52","2,889.98","2,862.27","22.60B","0.24%"
"05/15/2020","2,868.46","2,880.71","2,884.22","2,863.37","18.90B","-0.07%"
"05/14/2020","2,870.34","2,887.06","2,887.06","2,869.18","19.78B","-0.96%"